ablation,environment_seed,event_recall,missed_event_rate,total_energy_consumption,harvested_energy,final_battery,mean_aoi,p95_aoi,max_aoi,redundant_sampling,network_coverage,network_utility,raw_episode_reward,sample_action_fraction
full,1001,0.46314631463146316,0.5368536853685368,14.045840000000041,27.869978979177933,0.013850640937593174,9.497395833333334,38.666666666666664,56.666666666666664,67.33333333333333,0.9013310185185186,0.41760284246017193,53.66433333333336,0.29716435185185186
full,1002,0.5205992509363296,0.4794007490636704,15.345840000000138,28.1960693899323,0.023026133643062538,8.398726851851853,36.30000000000003,60.0,75.66666666666667,0.94164737654321,0.49039792562537565,95.79144444444444,0.32233796296296297
full,1003,0.4749999999999999,0.525,13.62917333333337,28.045742792782573,0.03559321148824116,8.504918981481481,34.63333333333336,55.0,47.333333333333336,0.9428047839506174,0.4488733362268518,11.984777777777763,0.2711226851851852
full,1004,0.49454545454545457,0.5054545454545455,14.695840000000109,27.778055887166204,0.02492602223001375,9.332175925925926,41.0,63.333333333333336,72.33333333333333,0.8897569444444445,0.4407449494949495,79.17833333333333,0.3119212962962963
full,1005,0.4859943977591037,0.5140056022408963,13.362506666666702,27.612860050191575,0.02346705654021777,10.06105324074074,42.333333333333336,62.666666666666664,61.666666666666664,0.9344135802469135,0.45526677106027585,47.51511111111116,0.2800925925925926
full,1006,0.40726329442282755,0.5927367055771725,14.262506666666738,27.73702749384593,0.007778106843184178,8.574652777777777,36.333333333333336,58.666666666666664,52.333333333333336,0.8799189814814814,0.3588788610270452,-15.978000000000003,0.2899305555555556
full,1007,0.4156206415620642,0.5843793584379359,14.21250666666674,27.847617605125972,0.010036237257240774,8.619502314814815,34.333333333333336,54.333333333333336,57.666666666666664,0.8826195987654321,0.3673912973294075,-12.450222222222228,0.28877314814814814
full,1008,0.36507936507936506,0.634920634920635,12.645840000000021,27.813389786660803,0.01353456675114297,9.714699074074074,37.333333333333336,61.666666666666664,51.333333333333336,0.8888888888888888,0.3247905643738977,-54.7226666666667,0.2445023148148148
full,1009,0.3875205254515599,0.6124794745484401,13.429173333333376,27.58535144988277,0.014462758368055459,9.114872685185185,36.15000000000001,57.666666666666664,46.0,0.9128086419753085,0.3546598476555373,-32.449777777777776,0.2682291666666667
full,1010,0.49760765550239233,0.5023923444976076,13.879173333333434,27.87536673639651,0.026133418827564148,8.815393518518519,35.666666666666664,60.333333333333336,68.66666666666667,0.9395254629629629,0.46765489323055115,50.50266666666666,0.28096064814814814
full,1011,0.43288084464555054,0.5671191553544496,13.96250666666671,27.8041058670549,0.014898417109838696,9.590567129629628,40.0,57.333333333333336,57.0,0.8746141975308642,0.37943585553879666,-1.2181111111111491,0.2786458333333333
full,1012,0.3980099502487562,0.6019900497512438,14.81250666666673,27.719253047701116,0.06106059185021845,9.351273148148147,41.666666666666664,62.0,65.66666666666667,0.8732638888888888,0.34831484936428964,-33.23400000000001,0.30121527777777773
full,1013,0.44894026974951834,0.5510597302504817,13.862506666666782,27.505443767934835,0.05311291047089107,10.18431712962963,43.9666666666667,63.0,47.0,0.9363425925925926,0.4210755191607793,1.937333333333316,0.27054398148148145
full,1014,0.5310734463276836,0.4689265536723164,12.37917333333334,27.16643055612605,0.08076306520442232,9.207465277777777,37.333333333333336,58.0,45.0,0.9603587962962963,0.5100856285310734,26.38633333333334,0.23958333333333334
full,1015,0.5274261603375527,0.47257383966244726,13.695840000000077,27.984652380248956,0.04136486726011607,8.62355324074074,35.0,59.333333333333336,51.0,0.9621913580246914,0.5078405805594625,44.94077777777776,0.265625
full,1016,0.48763250883392223,0.5123674911660777,14.945840000000082,27.74034214332949,0.02341658257955416,8.305555555555555,37.0,58.333333333333336,69.66666666666667,0.910011574074074,0.4443415183440213,74.1206666666666,0.32378472222222227
full,1017,0.43986254295532645,0.5601374570446735,13.87917333333345,27.709681216547505,0.01932439340815729,10.080729166666666,40.816666666666684,60.0,79.66666666666667,0.867476851851852,0.38209889801026686,26.766000000000044,0.29832175925925924
full,1018,0.5729166666666666,0.4270833333333333,15.66250666666678,27.811885286899123,0.053452184286227555,8.508391203703704,38.666666666666664,61.666666666666664,75.33333333333333,0.9624807098765432,0.5515834263392857,119.80211111111102,0.3240740740740741
full,1019,0.43684210526315786,0.5631578947368422,13.07917333333337,28.39281734152696,0.050260825333213334,8.755208333333334,37.48333333333335,60.666666666666664,54.666666666666664,0.921778549382716,0.40304987004548404,3.330555555555565,0.2728587962962963
full,1020,0.45098039215686275,0.5490196078431372,13.812506666666723,27.540248359265487,0.02795152175656494,9.109664351851853,37.48333333333335,56.333333333333336,64.66666666666667,0.9228395061728395,0.41634592108448315,24.760111111111144,0.29021990740740744
full,1021,0.45961820851688695,0.5403817914831132,13.945840000000041,27.66833377655367,0.014634374345850127,9.333043981481481,39.0,59.0,61.666666666666664,0.9201388888888888,0.42386944580410074,26.0586666666667,0.2884837962962963
full,1022,0.45088566827697263,0.5491143317230274,14.045840000000057,27.780487312650067,0.05454911439499178,9.942418981481481,42.48333333333335,66.33333333333333,52.0,0.9056712962962963,0.4095172064173675,20.759333333333363,0.27025462962962965
full,1023,0.48281786941580757,0.5171821305841925,13.779173333333375,28.173412349677125,0.024605195313390085,10.202256944444445,41.63333333333336,60.666666666666664,54.333333333333336,0.9123263888888888,0.4427451237749776,37.164666666666655,0.27546296296296297
full,1024,0.6239316239316239,0.37606837606837606,13.445840000000075,27.734086011533236,0.1246173180747658,7.723668981481482,30.666666666666668,52.333333333333336,51.333333333333336,0.9783950617283951,0.6104895404663923,64.9954444444444,0.2633101851851852
full,1025,0.389294403892944,0.610705596107056,13.912506666666731,27.631273780374894,0.021121234740312026,7.704282407407407,32.15000000000001,47.0,66.0,0.8814621913580248,0.34388587568712264,-34.182555555555545,0.2922453703703704
full,1026,0.4033816425120773,0.5966183574879227,13.262506666666718,28.031244741185912,0.010115292134174671,8.86255787037037,34.666666666666664,61.0,44.333333333333336,0.9346064814814815,0.3787699610842727,-31.274333333333374,0.2531828703703704
full,1027,0.49561403508771934,0.5043859649122807,13.095840000000033,27.875509386714086,0.021352413636068646,9.73582175925926,38.0,59.0,47.333333333333336,0.9626736111111112,0.4773493339831059,29.522333333333354,0.25810185185185186
full,1028,0.49448123620309054,0.5055187637969095,13.729173333333414,27.621479294635346,0.0703097381707059,9.44386574074074,37.666666666666664,62.333333333333336,53.333333333333336,0.9656635802469135,0.4775755508543864,22.422444444444448,0.2708333333333333
full,1029,0.4792626728110599,0.5207373271889401,13.879173333333403,27.800474848912,0.0448707849177776,8.447337962962964,36.333333333333336,61.333333333333336,55.333333333333336,0.9214891975308642,0.44180694231097456,40.40688888888888,0.28935185185185186
full,1030,0.48484848484848486,0.5151515151515151,14.779173333333425,27.873481980284083,0.029650514504980616,8.513599537037036,37.30000000000003,66.66666666666667,62.666666666666664,0.9207175925925926,0.44654255852172514,44.96666666666664,0.3113425925925926
no_agent_id,1001,0.5027502750275027,0.49724972497249725,13.279173333333356,27.869978979177933,0.016822454685387872,6.960358796296297,28.666666666666668,46.0,69.33333333333333,0.9134837962962964,0.4592921097665322,102.315,0.28530092592592593
no_agent_id,1002,0.5855181023720349,0.414481897627965,14.479173333333451,28.1960693899323,0.02596458313285971,6.323206018518519,26.666666666666668,60.666666666666664,67.66666666666667,0.9633487654320989,0.564067774078698,171.34311111111109,0.3020833333333333
no_agent_id,1003,0.5499999999999999,0.45,12.429173333333337,28.045742792782573,0.04008675474006016,6.435185185185186,25.0,45.0,44.0,0.9681712962962963,0.5326244212962963,68.55066666666666,0.24247685185185186
no_agent_id,1004,0.5442424242424243,0.45575757575757575,13.845840000000104,27.778055887166204,0.03204063645974744,7.184606481481481,30.333333333333332,60.0,67.0,0.9033564814814815,0.4917048961840629,139.19599999999997,0.2835648148148148
no_agent_id,1005,0.561624649859944,0.438375350140056,12.112506666666649,27.612860050191575,0.040333901609038394,8.162326388888888,36.0,62.666666666666664,63.0,0.9574652777777777,0.5377369118943873,121.17466666666668,0.25752314814814814
no_agent_id,1006,0.4643320363164721,0.5356679636835279,13.012506666666711,27.73702749384593,0.010971764898526746,6.0946180555555545,25.150000000000016,46.0,47.666666666666664,0.9006558641975309,0.41828493538934525,49.4942222222222,0.2630208333333333
no_agent_id,1007,0.48535564853556484,0.5146443514644351,12.662506666666696,27.847617605125972,0.009416903443216308,6.94212962962963,26.633333333333365,53.333333333333336,58.666666666666664,0.9048996913580248,0.439307944625239,57.61744444444444,0.25434027777777773
no_agent_id,1008,0.43033509700176364,0.5696649029982364,10.795839999999961,27.813389786660803,0.026577321656639247,7.012152777777778,26.81666666666668,53.666666666666664,47.333333333333336,0.902488425925926,0.3884377653667778,1.2476666666666378,0.21006944444444445
no_agent_id,1009,0.4827586206896552,0.5172413793103448,11.879173333333318,27.58535144988277,0.015871703119074203,6.052083333333333,21.666666666666668,41.666666666666664,45.666666666666664,0.9536072530864197,0.46066335218634064,54.1022222222222,0.23697916666666666
no_agent_id,1010,0.5470494417862839,0.4529505582137161,12.912506666666738,27.87536673639651,0.029585273212770238,6.0271990740740735,23.633333333333365,42.333333333333336,66.33333333333333,0.9543788580246915,0.5221194953925218,97.27477777777771,0.2624421296296296
no_agent_id,1011,0.49170437405731526,0.5082956259426847,12.795840000000004,27.8041058670549,0.012865147729518698,7.576099537037037,31.666666666666668,53.0,58.666666666666664,0.9046103395061729,0.44484464904195303,57.55244444444443,0.2505787037037037
no_agent_id,1012,0.4676616915422886,0.5323383084577115,13.329173333333372,27.719253047701116,0.1600940611520065,7.8243634259259265,35.9666666666667,61.666666666666664,65.33333333333333,0.90258487654321,0.4221031704901419,46.30711111111111,0.2667824074074074
no_agent_id,1013,0.5529865125240847,0.4470134874759153,12.595840000000088,27.505443767934835,0.1742710306235272,7.4415509259259265,30.966666666666697,61.0,47.333333333333336,0.9665316358024691,0.5344819319560408,79.6177777777777,0.24305555555555558
no_agent_id,1014,0.5847457627118644,0.4152542372881356,10.612506666666619,27.16643055612605,0.18056053374784922,6.935185185185186,25.333333333333332,55.333333333333336,43.666666666666664,0.967013888888889,0.5654866996233522,57.44166666666666,0.20659722222222224
no_agent_id,1015,0.6054852320675105,0.39451476793248946,12.662506666666745,27.984652380248956,0.09605202632159342,5.936342592592593,22.48333333333335,43.0,52.0,0.9782021604938271,0.5922922526957337,97.47655555555558,0.24537037037037038
no_agent_id,1016,0.5465253239104829,0.453474676089517,14.062506666666735,27.74034214332949,0.02374399968733083,5.971064814814814,27.150000000000016,52.333333333333336,67.33333333333333,0.9283371913580246,0.507393638485364,144.34444444444446,0.2986111111111111
no_agent_id,1017,0.5051546391752577,0.4948453608247423,13.262506666666779,27.709681216547505,0.01962862227936068,8.537905092592593,36.0,57.666666666666664,70.33333333333333,0.8865740740740741,0.4478739102074583,107.26699999999995,0.27980324074074076
no_agent_id,1018,0.6324404761904762,0.3675595238095239,14.32917333333343,27.811885286899123,0.18186539519608166,6.094039351851852,27.333333333333332,47.666666666666664,73.33333333333333,0.9803240740740741,0.6200112640542328,177.72399999999993,0.3020833333333333
no_agent_id,1019,0.4964912280701754,0.5035087719298246,11.995840000000006,28.39281734152696,0.1336348150285486,5.843460648148148,21.633333333333365,45.333333333333336,52.333333333333336,0.9403935185185185,0.46691743827160487,55.714999999999975,0.24681712962962962
no_agent_id,1020,0.4797385620915033,0.5202614379084968,12.879173333333357,27.540248359265487,0.03300164370596004,6.783275462962963,28.81666666666668,44.666666666666664,65.33333333333333,0.9312307098765432,0.44684247155652385,57.03044444444447,0.27314814814814814
no_agent_id,1021,0.5212922173274596,0.4787077826725404,12.429173333333344,27.66833377655367,0.02860716270884595,7.447627314814814,33.0,57.333333333333336,57.333333333333336,0.945601851851852,0.4930835984663077,89.85133333333334,0.2604166666666667
no_agent_id,1022,0.5265700483091788,0.4734299516908213,12.545840000000027,27.780487312650067,0.11298191957272169,8.29542824074074,36.48333333333335,65.33333333333333,50.333333333333336,0.9271797839506172,0.4882539922168545,87.71077777777776,0.24131944444444445
no_agent_id,1023,0.556701030927835,0.443298969072165,12.345840000000011,28.173412349677125,0.09969526919105387,8.741898148148147,35.816666666666684,59.0,44.666666666666664,0.9447337962962962,0.5259387528636884,107.70866666666666,0.2355324074074074
no_agent_id,1024,0.6780626780626781,0.32193732193732194,11.595840000000054,27.734086011533236,0.3504262356602139,5.731770833333333,20.0,34.333333333333336,43.666666666666664,0.9823495370370371,0.6661077477049698,98.79366666666658,0.22453703703703706
no_agent_id,1025,0.45985401459854014,0.5401459854014599,13.21250666666671,27.631273780374894,0.02154386586391797,5.74681712962963,23.333333333333332,42.0,62.333333333333336,0.9126157407407408,0.4196974689105164,48.96866666666667,0.2702546296296296
no_agent_id,1026,0.5193236714975845,0.48067632850241554,11.729173333333321,28.031244741185912,0.03902107972112487,7.306712962962963,27.966666666666697,56.0,40.666666666666664,0.9624807098765432,0.5002327395330113,39.597777777777786,0.22395833333333334
no_agent_id,1027,0.5899122807017544,0.41008771929824567,11.662506666666653,27.875509386714086,0.0927740167548791,7.221354166666667,27.150000000000016,48.333333333333336,47.333333333333336,0.9785879629629629,0.5773483187134502,89.86133333333332,0.2332175925925926
no_agent_id,1028,0.5783664459161147,0.4216335540838852,12.095840000000043,27.621479294635346,0.11843434241921125,6.6681134259259265,27.333333333333332,53.0,49.333333333333336,0.9819637345679012,0.5680526173248303,80.50122222222218,0.23640046296296294
no_agent_id,1029,0.5422427035330261,0.4577572964669739,12.779173333333377,27.800474848912,0.048970648999760974,5.78125,22.333333333333332,42.333333333333336,59.0,0.9539930555555555,0.5174051139272914,101.34999999999997,0.265625
no_agent_id,1030,0.5454545454545454,0.4545454545454546,12.645840000000044,27.873481980284083,0.0887994160084105,6.728877314814814,28.150000000000016,62.0,59.0,0.9397183641975309,0.5125941124205012,108.06522222222218,0.2690972222222222
no_aoi,1001,0.46644664466446645,0.5335533553355335,13.9625066666667,27.869978979177933,0.013897866633121191,9.054108796296296,37.333333333333336,57.0,67.33333333333333,0.8994020061728395,0.4195414043719187,57.05811111111111,0.2974537037037037
no_aoi,1002,0.5230961298377029,0.4769038701622971,15.17917333333346,28.1960693899323,0.023026133643062534,8.344907407407407,36.15000000000001,60.0,76.0,0.9445408950617283,0.4944914776668054,99.01211111111111,0.3208912037037037
no_aoi,1003,0.4666666666666666,0.5333333333333333,13.395840000000035,28.045742792782573,0.04115152014458454,8.442418981481481,34.15000000000001,54.333333333333336,46.333333333333336,0.9396219135802469,0.43929820119598767,7.638777777777746,0.26533564814814814
no_aoi,1004,0.49939393939393933,0.5006060606060606,14.495840000000108,27.778055887166204,0.024316318660522446,9.175347222222221,41.0,63.666666666666664,71.0,0.8914930555555555,0.4457417929292929,86.09133333333328,0.3041087962962963
no_aoi,1005,0.48879551820728295,0.511204481792717,13.17917333333336,27.612860050191575,0.024484148026931152,10.064236111111112,42.0,63.333333333333336,61.666666666666664,0.9349922839506172,0.4581858206245461,50.18544444444448,0.2786458333333333
no_aoi,1006,0.40856031128404674,0.5914396887159533,14.179173333333408,27.73702749384593,0.007790579465079869,8.499131944444445,36.15000000000001,57.666666666666664,52.0,0.8801118827160493,0.36031135910553874,-14.174111111111083,0.28703703703703703
no_aoi,1007,0.42119944211994415,0.5788005578800558,13.812506666666735,27.847617605125972,0.010132941109480117,8.15943287037037,32.30000000000003,55.333333333333336,58.666666666666664,0.8825231481481483,0.37225983392737233,-7.100666666666622,0.28269675925925924
no_aoi,1008,0.36684303350970016,0.6331569664902998,12.395840000000012,27.813389786660803,0.013534566751142974,9.429108796296296,36.48333333333335,60.333333333333336,51.333333333333336,0.8860918209876543,0.32541162469789014,-53.57988888888889,0.24045138888888892
no_aoi,1009,0.3924466338259442,0.6075533661740559,13.21250666666671,27.58535144988277,0.014462758368055434,8.792824074074074,35.666666666666664,56.666666666666664,49.333333333333336,0.9161844135802468,0.3604749171379918,-29.20022222222222,0.2673611111111111
no_aoi,1010,0.49760765550239233,0.5023923444976076,13.679173333333424,27.87536673639651,0.025643441471765324,8.611689814814815,34.333333333333336,57.0,67.33333333333333,0.9391396604938272,0.46745553118908384,51.84922222222222,0.2757523148148148
no_aoi,1011,0.4343891402714932,0.5656108597285068,13.695840000000034,27.8041058670549,0.014898417109838696,9.550636574074074,39.816666666666684,59.0,57.0,0.8737461419753086,0.38025153971845144,0.4232222222222409,0.27285879629629634
no_aoi,1012,0.40298507462686567,0.5970149253731343,14.579173333333387,27.719253047701116,0.06954140781276082,9.162326388888888,41.48333333333335,61.333333333333336,64.66666666666667,0.875,0.353501589275843,-26.837666666666696,0.29658564814814814
no_aoi,1013,0.45472061657032753,0.5452793834296724,13.795840000000112,27.505443767934835,0.05826480086832165,9.73263888888889,41.666666666666664,63.0,50.0,0.935763888888889,0.4261667737101263,4.420999999999997,0.26909722222222227
no_aoi,1014,0.5282485875706214,0.4717514124293785,12.195840000000002,27.16643055612605,0.07659639853775567,8.969039351851853,35.666666666666664,58.0,45.333333333333336,0.9615162037037037,0.508011122881356,25.99366666666666,0.2366898148148148
no_aoi,1015,0.5316455696202532,0.46835443037974683,13.712506666666746,27.984652380248956,0.03303153392678272,8.177083333333334,33.666666666666664,58.333333333333336,53.0,0.9629629629629631,0.5123230924753869,46.84599999999995,0.2667824074074074
no_aoi,1016,0.4946996466431095,0.5053003533568905,14.879173333333414,27.74034214332949,0.02341658257955416,8.403356481481481,37.333333333333336,61.666666666666664,66.66666666666667,0.9121334876543209,0.4515933778301269,83.78077777777771,0.3179976851851852
no_aoi,1017,0.44329896907216493,0.556701030927835,13.812506666666783,27.709681216547505,0.01932439340815728,9.928819444444445,40.333333333333336,59.666666666666664,75.66666666666667,0.8703703703703703,0.38636029177803227,33.605333333333355,0.29542824074074076
no_aoi,1018,0.5758928571428571,0.42410714285714285,15.429173333333443,27.811885286899123,0.0681949570929162,8.261863425925926,37.0,58.0,75.0,0.9624807098765431,0.5544213996362434,122.49544444444439,0.3246527777777778
no_aoi,1019,0.4456140350877193,0.5543859649122808,13.012506666666704,28.39281734152696,0.04310473476890664,8.616319444444445,37.0,61.0,57.333333333333336,0.9266975308641974,0.4132959714100064,9.983222222222219,0.2679398148148148
no_aoi,1020,0.4496732026143791,0.5503267973856208,13.679173333333386,27.540248359265487,0.028934311283996535,8.827546296296296,36.666666666666664,52.666666666666664,63.666666666666664,0.9251543209876543,0.41620899903171144,25.371777777777808,0.28761574074074076
no_aoi,1021,0.4728340675477239,0.527165932452276,13.8125066666667,27.66833377655367,0.01842472617013975,9.016203703703704,39.15000000000001,59.333333333333336,63.666666666666664,0.9251543209876543,0.4382401628868222,37.346777777777795,0.2884837962962963
no_aoi,1022,0.45571658615136873,0.5442834138486313,13.762506666666717,27.780487312650067,0.05038244772832511,9.807581018518519,41.63333333333336,66.33333333333333,50.666666666666664,0.9070216049382717,0.4145643227768831,26.000555555555554,0.265625
no_aoi,1023,0.4810996563573882,0.5189003436426117,13.529173333333366,28.173412349677125,0.028778221595429754,10.565393518518519,42.48333333333335,61.0,49.0,0.9171489197530863,0.4433397368588519,40.86722222222219,0.2650462962962963
no_aoi,1024,0.6267806267806267,0.3732193732193732,13.229173333333415,27.734086011533236,0.1579506514080991,7.7045717592592595,30.333333333333332,50.333333333333336,52.666666666666664,0.9769483024691358,0.6123311702015405,65.43377777777772,0.2604166666666667
no_aoi,1025,0.39902676399026765,0.6009732360097324,13.895840000000069,27.631273780374894,0.021121234740312023,7.660590277777778,31.633333333333365,49.0,64.0,0.8920717592592592,0.3567926579255654,-20.325333333333305,0.28848379629629634
no_aoi,1026,0.42270531400966177,0.5772946859903382,12.995840000000051,28.031244741185912,0.01154470764483872,8.932291666666666,35.0,60.0,41.666666666666664,0.9410686728395062,0.39914829911433175,-18.223222222222233,0.2476851851851852
no_aoi,1027,0.5043859649122807,0.49561403508771934,13.0125066666667,27.875509386714086,0.02068146871252001,9.418981481481481,37.15000000000001,59.333333333333336,50.0,0.9652777777777778,0.48726217308317094,34.38566666666667,0.25434027777777773
no_aoi,1028,0.49668874172185423,0.5033112582781457,13.612506666666741,27.621479294635346,0.0702342417647471,9.375868055555555,37.9666666666667,62.0,53.0,0.9649884259259259,0.47936276163028363,23.86166666666665,0.2688078703703704
no_aoi,1029,0.4807987711213518,0.5192012288786482,13.69584000000006,27.800474848912,0.0497267540460904,8.322627314814815,35.15000000000001,58.666666666666664,56.0,0.9289158950617283,0.44697882886726975,43.81044444444442,0.2867476851851852
no_aoi,1030,0.48340548340548345,0.5165945165945166,14.495840000000086,27.873481980284083,0.029650514504980616,8.487847222222221,37.666666666666664,65.0,64.0,0.9174382716049383,0.44357346614291054,42.580888888888886,0.3078703703703704
no_coordination_constraint,1001,0.39383938393839385,0.6061606160616061,19.36250666666686,27.869978979177933,0.02840339447281587,8.737847222222223,41.333333333333336,54.333333333333336,180.33333333333334,0.898630401234568,0.3539120115715276,-114.13344444444475,0.6255787037037037
no_coordination_constraint,1002,0.400749063670412,0.599250936329588,19.27917333333352,28.1960693899323,0.02280251365143539,9.000868055555555,42.0,56.333333333333336,184.33333333333334,0.9340277777777778,0.3743107573866001,-108.37533333333381,0.6255787037037037
no_coordination_constraint,1003,0.3354166666666667,0.6645833333333333,19.429173333333527,28.045742792782573,0.01674384650860133,8.815104166666666,41.48333333333335,57.333333333333336,180.0,0.9270833333333334,0.3109592013888889,-177.71133333333364,0.6215277777777778
no_coordination_constraint,1004,0.32484848484848483,0.6751515151515152,19.395840000000195,27.778055887166204,0.026793897441444028,9.089409722222221,42.333333333333336,59.0,182.33333333333334,0.8377700617283951,0.27214997194163865,-189.58322222222236,0.6218171296296297
no_coordination_constraint,1005,0.3557422969187675,0.6442577030812324,19.26250666666685,27.612860050191575,0.018032791175305846,9.030381944444445,42.0,58.0,182.0,0.8828125,0.31405496226268287,-174.02666666666684,0.6200810185185185
no_coordination_constraint,1006,0.2866407263294423,0.7133592736705577,19.579173333333532,27.73702749384593,0.012343899267749599,8.472800925925926,40.333333333333336,53.0,182.66666666666666,0.8515625,0.2440992488110679,-237.22599999999895,0.6328125
no_coordination_constraint,1007,0.24546722454672243,0.7545327754532775,19.645840000000206,27.847617605125972,0.02007865336964234,8.355324074074074,40.0,52.0,182.0,0.8211805555555557,0.20157291182395784,-274.8809999999989,0.6403356481481481
no_coordination_constraint,1008,0.23633156966490299,0.763668430335097,19.21250666666685,27.813389786660803,0.017218003485380166,9.490162037037036,43.333333333333336,62.666666666666664,175.66666666666666,0.875,0.20679012345679013,-247.34999999999891,0.6053240740740741
no_coordination_constraint,1009,0.29392446633825947,0.7060755336617405,19.27917333333352,27.58535144988277,0.020199809544036253,9.206597222222223,42.333333333333336,57.666666666666664,179.0,0.8741319444444443,0.25692876528005837,-216.97533333333396,0.6180555555555555
no_coordination_constraint,1010,0.3413078149920255,0.6586921850079744,19.22917333333352,27.87536673639651,0.01818012042135103,9.245659722222221,42.333333333333336,58.0,181.33333333333334,0.9019097222222222,0.3078288366117314,-170.51466666666695,0.6195023148148148
no_coordination_constraint,1011,0.26395173453996984,0.7360482654600302,19.295840000000187,27.8041058670549,0.013794058509416597,9.205439814814815,42.0,58.0,174.66666666666666,0.8263888888888888,0.21812678062678062,-243.4223333333323,0.6197916666666666
no_coordination_constraint,1012,0.3109452736318408,0.6890547263681593,18.8291733333335,27.719253047701116,0.024735979963439358,9.60619212962963,43.63333333333336,60.0,177.33333333333334,0.8472222222222222,0.2634397457158651,-214.53333333333237,0.6142939814814815
no_coordination_constraint,1013,0.27167630057803466,0.7283236994219653,19.562506666666874,27.505443767934835,0.019428752612036835,8.876157407407407,41.48333333333335,56.0,173.33333333333334,0.9147376543209877,0.24851254192535502,-212.3708888888892,0.6087962962962963
no_coordination_constraint,1014,0.3220338983050847,0.6779661016949152,18.97917333333351,27.16643055612605,0.028649422598092115,9.539641203703704,43.333333333333336,58.333333333333336,175.66666666666666,0.9328703703703703,0.3004158819836786,-175.62800000000027,0.6053240740740741
no_coordination_constraint,1015,0.36075949367088606,0.639240506329114,19.19584000000018,27.984652380248956,0.015240298136103525,9.109664351851853,42.333333333333336,57.0,177.0,0.945023148148148,0.3409260724331926,-156.26400000000044,0.6177662037037037
no_coordination_constraint,1016,0.32979976442873965,0.6702002355712603,19.645840000000206,27.74034214332949,0.016972029014150413,8.466435185185185,40.15000000000001,58.0,182.33333333333334,0.8697916666666666,0.2868570867687475,-186.77500000000035,0.6400462962962963
no_coordination_constraint,1017,0.34249713631156925,0.6575028636884307,19.029173333333507,27.709681216547505,0.015909677781766027,9.303819444444445,42.63333333333336,58.0,176.33333333333334,0.8509837962962963,0.29146481640575284,-161.21300000000065,0.6163194444444444
no_coordination_constraint,1018,0.36160714285714285,0.6383928571428572,19.14584000000018,27.811885286899123,0.028240778942094813,9.490162037037038,43.0,59.0,186.66666666666666,0.9131944444444443,0.3302176339285714,-151.35666666666748,0.6238425925925926
no_coordination_constraint,1019,0.3175438596491228,0.6824561403508772,19.14584000000018,28.39281734152696,0.0238894144137952,9.095775462962964,42.0,59.333333333333336,177.66666666666666,0.9062499999999999,0.2877720922677063,-182.36900000000023,0.6203703703703703
no_coordination_constraint,1020,0.3424836601307189,0.657516339869281,19.5458400000002,27.540248359265487,0.02777183424901765,8.60300925925926,40.816666666666684,58.0,182.0,0.9009452160493828,0.3085697319051077,-174.62677777777824,0.6212384259259259
no_coordination_constraint,1021,0.31718061674008813,0.6828193832599118,19.245840000000186,27.66833377655367,0.01896302854195146,8.801793981481481,41.333333333333336,55.666666666666664,183.66666666666666,0.8877314814814815,0.28157376815141133,-196.00533333333388,0.6284722222222222
no_coordination_constraint,1022,0.2769726247987117,0.7230273752012882,18.979173333333506,27.780487312650067,0.020712074198358053,9.784143518518519,44.48333333333335,61.0,173.0,0.8566743827160493,0.2372741098586509,-218.5671111111116,0.6076388888888888
no_coordination_constraint,1023,0.33505154639175255,0.6649484536082475,19.329173333333518,28.173412349677125,0.021739458046939834,9.130787037037038,42.15000000000001,56.0,178.0,0.8796296296296294,0.2947212676594119,-173.08766666666716,0.6218171296296297
no_coordination_constraint,1024,0.452991452991453,0.5470085470085471,19.645840000000206,27.734086011533236,0.022331962229466956,8.419849537037036,40.333333333333336,56.0,183.0,0.9548611111111112,0.4325439221272555,-120.90333333333346,0.6328125
no_coordination_constraint,1025,0.2639902676399027,0.7360097323600973,19.712506666666872,27.631273780374894,0.01881412959151498,8.17505787037037,39.333333333333336,51.333333333333336,182.66666666666666,0.8352623456790124,0.22050793570334326,-265.4857777777775,0.6304976851851852
no_coordination_constraint,1026,0.21980676328502416,0.7801932367149759,19.4458400000002,28.031244741185912,0.02041548459620933,8.701099537037036,41.0,54.333333333333336,177.0,0.8923611111111112,0.19614700751476113,-240.89166666666685,0.6226851851851852
no_coordination_constraint,1027,0.2719298245614035,0.7280701754385964,18.99584000000017,27.875509386714086,0.02069592542697217,9.6015625,43.666666666666664,59.666666666666664,182.33333333333334,0.9027777777777778,0.24549220272904484,-214.36933333333363,0.6085069444444445
no_coordination_constraint,1028,0.35099337748344367,0.6490066225165564,19.495840000000197,27.621479294635346,0.022815319989440946,8.820891203703704,41.30000000000003,57.0,179.66666666666666,0.9408757716049383,0.33023605490147984,-163.80677777777828,0.625
no_coordination_constraint,1029,0.31950844854070665,0.6804915514592933,19.445840000000196,27.800474848912,0.020369945516505644,8.973958333333334,42.0,60.0,178.33333333333334,0.8743248456790124,0.27935476759401495,-195.316111111111,0.6252893518518519
no_coordination_constraint,1030,0.3593073593073593,0.6406926406926408,19.029173333333507,27.873481980284083,0.012761054216263742,9.279224537037036,42.816666666666684,58.0,178.33333333333334,0.8993055555555557,0.3231271043771044,-157.14900000000054,0.6209490740740741
no_energy,1001,0.44334433443344334,0.5566556655665567,14.929173333333395,27.869978979177933,0.015184012705601919,9.72974537037037,40.0,56.666666666666664,80.33333333333333,0.8993055555555557,0.3990992849284929,21.075666666666645,0.3336226851851852
no_energy,1002,0.4893882646691636,0.5106117353308365,15.879173333333469,28.1960693899323,0.023479386419560003,10.224537037037036,44.333333333333336,63.666666666666664,79.33333333333333,0.93383487654321,0.4569960292689694,58.65144444444451,0.3391203703703704
no_energy,1003,0.4291666666666667,0.5708333333333333,14.662506666666749,28.045742792782573,0.024446469060001752,9.497395833333334,38.333333333333336,60.333333333333336,57.0,0.9340277777777778,0.4010054976851852,-25.281666666666677,0.2986111111111111
no_energy,1004,0.4387878787878788,0.5612121212121212,15.329173333333456,27.778055887166204,0.026282458620833348,9.849826388888888,42.15000000000001,62.333333333333336,77.66666666666667,0.8715277777777777,0.38347502805836137,13.883999999999999,0.3391203703703704
no_energy,1005,0.4411764705882353,0.5588235294117647,14.345840000000058,27.612860050191575,0.022664607574974863,10.336805555555555,44.0,62.0,61.666666666666664,0.9227430555555555,0.407645697167756,3.614666666666679,0.3052662037037037
no_energy,1006,0.36964980544747084,0.6303501945525292,15.2458400000001,27.73702749384593,0.007812388104663088,10.480902777777777,43.63333333333336,63.0,53.666666666666664,0.8695987654320988,0.32181592868809145,-58.96455555555557,0.3197337962962963
no_energy,1007,0.3640167364016736,0.6359832635983264,15.162506666666774,27.847617605125972,0.013605485448586856,9.29542824074074,38.0,58.333333333333336,62.333333333333336,0.8588927469135802,0.3132837117103156,-68.22855555555553,0.31221064814814814
no_energy,1008,0.31746031746031744,0.6825396825396824,13.99584000000005,27.813389786660803,0.013044722213992437,10.705729166666666,41.9666666666667,67.33333333333333,57.0,0.8806905864197531,0.2796169736756156,-97.02311111111119,0.2838541666666667
no_energy,1009,0.34811165845648606,0.6518883415435139,14.345840000000074,27.58535144988277,0.015230637248902635,9.977141203703704,39.48333333333335,59.666666666666664,57.0,0.8901427469135803,0.31011391625615764,-76.45422222222221,0.2945601851851852
no_energy,1010,0.4688995215311005,0.5311004784688995,14.695840000000109,27.87536673639651,0.022031992495816933,10.021412037037036,40.48333333333335,59.666666666666664,73.0,0.9309413580246915,0.43672654911690006,20.72044444444445,0.3052662037037037
no_energy,1011,0.3831070889894419,0.6168929110105581,14.72917333333339,27.8041058670549,0.028828696405189064,10.924768518518519,44.666666666666664,61.333333333333336,64.66666666666667,0.8587962962962963,0.32965075275124295,-52.979333333333415,0.30844907407407407
no_energy,1012,0.3768656716417911,0.6231343283582089,15.662506666666753,27.719253047701116,0.03798445684564191,9.76244212962963,43.48333333333335,63.333333333333336,75.0,0.8706597222222223,0.3286151706744058,-61.979999999999954,0.32783564814814814
no_energy,1013,0.4142581888246628,0.5857418111753372,14.695840000000112,27.505443767934835,0.03038114826375317,10.862847222222223,45.666666666666664,64.33333333333333,50.333333333333336,0.9339313271604938,0.3873534842646114,-24.36411111111114,0.2899305555555556
no_energy,1014,0.4971751412429379,0.5028248587570622,13.59584000000005,27.16643055612605,0.03603814783509122,10.497106481481481,42.816666666666684,59.0,52.0,0.9595871913580248,0.4774534421427077,3.5854444444444327,0.27141203703703703
no_energy,1015,0.4767932489451477,0.5232067510548523,14.662506666666753,27.984652380248956,0.018687173720597753,9.960069444444445,41.666666666666664,62.666666666666664,62.333333333333336,0.9504243827160493,0.4536341127519925,3.5608888888888566,0.29050925925925924
no_energy,1016,0.45583038869257947,0.5441696113074205,15.695840000000091,27.74034214332949,0.01713412580096849,9.353877314814815,40.816666666666684,63.0,79.33333333333333,0.8927469135802468,0.4075120375823409,28.972444444444445,0.34722222222222227
no_energy,1017,0.40320733104238254,0.5967926689576174,14.645840000000126,27.709681216547505,0.022571626481230483,11.03269675925926,44.0,59.333333333333336,84.33333333333333,0.8611111111111112,0.3474343472911629,-19.172666666666682,0.3275462962962963
no_energy,1018,0.5252976190476191,0.47470238095238093,16.195840000000114,27.811885286899123,0.04529347813061738,9.988425925925926,44.0,63.666666666666664,84.66666666666667,0.9484953703703702,0.49839736965388,70.14333333333333,0.34172453703703703
no_energy,1019,0.41403508771929826,0.5859649122807018,14.16250666666672,28.39281734152696,0.013946836836965381,9.996238425925926,43.333333333333336,64.66666666666667,61.666666666666664,0.917631172839506,0.38057687621832353,-20.73288888888887,0.2977430555555556
no_energy,1020,0.4274509803921569,0.5725490196078432,14.76250666666674,27.540248359265487,0.02612397509233819,9.858506944444445,40.15000000000001,60.0,72.66666666666667,0.9171489197530865,0.3922215413943355,-6.0051111111111135,0.31886574074074076
no_energy,1021,0.42143906020558003,0.5785609397944199,14.779173333333402,27.66833377655367,0.011926537653123829,9.961516203703704,42.48333333333335,61.0,65.66666666666667,0.9067322530864197,0.38287198496220154,-13.75677777777777,0.3142361111111111
no_energy,1022,0.3993558776167472,0.6006441223832528,14.945840000000075,27.780487312650067,0.01973336026961393,10.565682870370372,44.333333333333336,66.0,57.0,0.88647762345679,0.3548147961770143,-28.322777777777805,0.29658564814814814
no_energy,1023,0.43127147766323026,0.5687285223367697,14.695840000000059,28.173412349677125,0.02641295678102062,10.313078703703704,42.333333333333336,60.333333333333336,73.33333333333333,0.9023919753086419,0.39032968213058417,-14.564444444444453,0.3125
no_energy,1024,0.5982905982905983,0.40170940170940167,14.56250666666677,27.734086011533236,0.07330580373534216,8.823206018518519,36.48333333333335,57.0,59.666666666666664,0.9749228395061728,0.5835097472828954,44.28511111111113,0.29658564814814814
no_energy,1025,0.3576642335766424,0.6423357664233577,14.895840000000097,27.631273780374894,0.022381635996106593,8.85792824074074,37.0,57.0,73.33333333333333,0.8719135802469137,0.31281540055870954,-74.92888888888889,0.3156828703703704
no_energy,1026,0.35748792270531404,0.642512077294686,14.162506666666744,28.031244741185912,0.007382402793863398,9.82494212962963,39.15000000000001,62.333333333333336,63.0,0.9193672839506174,0.33002325997495086,-71.61588888888889,0.28269675925925924
no_energy,1027,0.456140350877193,0.5438596491228069,14.045840000000062,27.875509386714086,0.028937136486804182,10.750289351851853,43.0,61.333333333333336,55.333333333333336,0.9561149691358025,0.4370488395467837,-1.0212222222222138,0.28067129629629634
no_energy,1028,0.445916114790287,0.554083885209713,15.145840000000106,27.621479294635346,0.01921946626504921,9.721064814814815,40.0,63.333333333333336,65.0,0.9546682098765432,0.42584927642874665,-16.36755555555556,0.30439814814814814
no_energy,1029,0.4500768049155146,0.5499231950844854,14.962506666666748,27.800474848912,0.027704216084408567,10.11400462962963,43.48333333333335,67.0,60.666666666666664,0.9104938271604938,0.40987067616771916,7.5708888888888985,0.31597222222222227
no_energy,1030,0.45743145743145747,0.5425685425685426,15.579173333333458,27.873481980284083,0.027106259707436634,9.573784722222221,40.816666666666684,63.333333333333336,73.0,0.9120370370370371,0.4172441177649511,11.516666666666644,0.33217592592592593
no_neighbor_signal,1001,0.4807480748074808,0.5192519251925193,13.279173333333354,27.869978979177933,0.013050150013814455,7.861689814814814,31.48333333333335,48.333333333333336,76.33333333333333,0.9069251543209877,0.43610130688994825,71.45244444444444,0.2951388888888889
no_neighbor_signal,1002,0.560549313358302,0.4394506866416979,14.37917333333346,28.1960693899323,0.03739153281874549,7.116898148148148,30.0,62.333333333333336,73.0,0.9568865740740741,0.536428350557174,141.88533333333342,0.30844907407407407
no_neighbor_signal,1003,0.5645833333333333,0.4354166666666666,11.912506666666657,28.045742792782573,0.10961496911299105,7.333043981481482,28.666666666666668,53.333333333333336,46.333333333333336,0.9691358024691358,0.5478901427469135,75.40477777777774,0.23726851851851852
no_neighbor_signal,1004,0.5018181818181818,0.4981818181818182,13.779173333333441,27.778055887166204,0.027873969793080808,8.497685185185185,38.15000000000001,65.0,80.66666666666667,0.904513888888889,0.45402216610549945,88.8409999999999,0.2977430555555556
no_neighbor_signal,1005,0.5126050420168067,0.4873949579831933,12.129173333333299,27.612860050191575,0.04033390160903842,9.112847222222221,39.48333333333335,63.333333333333336,64.0,0.9422260802469137,0.48329296996576404,73.26744444444442,0.2673611111111111
no_neighbor_signal,1006,0.4357976653696498,0.5642023346303502,12.962506666666698,27.73702749384593,0.03506181568823672,6.990162037037037,28.666666666666668,51.0,52.666666666666664,0.8954475308641975,0.3904767587788826,18.275888888888893,0.26765046296296297
no_neighbor_signal,1007,0.4602510460251046,0.5397489539748954,12.712506666666693,27.847617605125972,0.009416903443216315,7.559606481481481,29.333333333333332,56.666666666666664,65.66666666666667,0.8973765432098766,0.413796958133168,29.252111111111073,0.2633101851851852
no_neighbor_signal,1008,0.3968253968253968,0.6031746031746031,10.695839999999961,27.813389786660803,0.0178632996106779,9.260127314814815,36.333333333333336,55.0,48.333333333333336,0.8971836419753086,0.3564064643347051,-25.105777777777828,0.20717592592592593
no_neighbor_signal,1009,0.4761904761904762,0.5238095238095237,11.979173333333321,27.58535144988277,0.018155690765820107,7.257523148148148,27.48333333333335,49.333333333333336,52.0,0.9493634259259259,0.4532338038983154,43.74633333333332,0.23640046296296294
no_neighbor_signal,1010,0.5151515151515151,0.48484848484848486,12.762506666666738,27.87536673639651,0.025296755435928967,7.149594907407407,28.333333333333332,46.333333333333336,68.66666666666667,0.9471450617283951,0.4883317827396774,69.57244444444441,0.26128472222222227
no_neighbor_signal,1011,0.4766214177978884,0.5233785822021116,12.712506666666663,27.8041058670549,0.011990558171102172,8.388888888888888,34.48333333333335,53.666666666666664,57.0,0.8969907407407408,0.4279810660018993,43.25266666666667,0.25376157407407407
no_neighbor_signal,1012,0.4465174129353234,0.5534825870646767,13.229173333333373,27.719253047701116,0.14581463286530974,8.467592592592593,39.333333333333336,63.333333333333336,69.0,0.8922646604938271,0.39889600032246175,20.643222222222196,0.26967592592592593
no_neighbor_signal,1013,0.5703275529865125,0.42967244701348745,12.5958400000001,27.505443767934835,0.18260436395686053,7.135127314814814,27.30000000000003,62.666666666666664,53.0,0.9750192901234568,0.5561331442232214,89.30288888888884,0.24942129629629628
no_neighbor_signal,1014,0.5536723163841808,0.4463276836158192,10.445839999999913,27.16643055612605,0.1638938670811826,8.561631944444445,33.816666666666684,58.333333333333336,41.333333333333336,0.9654706790123456,0.5347287612471229,43.648222222222216,0.2054398148148148
no_neighbor_signal,1015,0.5864978902953587,0.41350210970464135,12.662506666666753,27.984652380248956,0.1002186929882601,6.450520833333333,25.666666666666668,46.333333333333336,54.0,0.9743441358024691,0.5715187431629943,84.1411111111111,0.24681712962962962
no_neighbor_signal,1016,0.5182567726737338,0.48174322732626623,14.01250666666673,27.74034214332949,0.019029118916790915,6.611111111111112,29.0,54.333333333333336,73.0,0.9165702160493826,0.4754514434192732,108.7745555555555,0.3041087962962963
no_neighbor_signal,1017,0.46162657502863685,0.5383734249713631,13.195840000000109,27.709681216547505,0.011305263684755063,10.054108796296296,39.333333333333336,58.666666666666664,78.0,0.8741319444444445,0.4036982017097281,53.51800000000003,0.28269675925925924
no_neighbor_signal,1018,0.6101190476190476,0.3898809523809524,14.379173333333435,27.811885286899123,0.19082980381294923,6.252314814814814,26.81666666666668,50.666666666666664,79.0,0.9776234567901234,0.596597015542328,155.58422222222222,0.3098958333333333
no_neighbor_signal,1019,0.4666666666666666,0.5333333333333333,12.029173333333338,28.39281734152696,0.09613481502854865,7.569733796296297,30.81666666666668,58.333333333333336,56.0,0.9347029320987653,0.43644259665367113,30.303111111111132,0.24855324074074073
no_neighbor_signal,1020,0.4666666666666666,0.5333333333333333,12.62917333333335,27.540248359265487,0.03636474385089356,8.369791666666666,33.78333333333338,49.666666666666664,68.0,0.9288194444444443,0.43369303740014525,41.56833333333333,0.27285879629629634
no_neighbor_signal,1021,0.49779735682819376,0.5022026431718062,12.345839999999987,27.66833377655367,0.029073207279905516,8.350694444444445,35.30000000000003,56.0,62.666666666666664,0.9384645061728394,0.4676261591069777,65.45811111111111,0.2601273148148148
no_neighbor_signal,1022,0.5136876006441223,0.4863123993558776,12.629173333333355,27.780487312650067,0.07964858623938835,8.680844907407407,37.666666666666664,63.333333333333336,52.666666666666664,0.9248649691358023,0.4757825080515297,75.69977777777775,0.24479166666666666
no_neighbor_signal,1023,0.5292096219931272,0.4707903780068729,12.079173333333339,28.173412349677125,0.07898851778166462,9.717881944444445,38.816666666666684,58.0,49.333333333333336,0.9290123456790124,0.4923267070764923,80.97188888888888,0.23640046296296294
no_neighbor_signal,1024,0.6581196581196581,0.34188034188034183,10.979173333333348,27.734086011533236,0.350661508874808,7.346064814814814,27.150000000000016,50.666666666666664,42.666666666666664,0.9846643518518517,0.648056643716366,91.0943333333333,0.21469907407407407
no_neighbor_signal,1025,0.43065693430656937,0.5693430656934306,13.212506666666725,27.631273780374894,0.01859827163507646,6.508680555555556,25.81666666666668,45.666666666666664,69.33333333333333,0.9042245370370369,0.3907313068847436,13.675000000000031,0.27488425925925924
no_neighbor_signal,1026,0.5120772946859904,0.4879227053140096,11.395839999999959,28.031244741185912,0.048618481902574985,7.796296296296295,30.48333333333335,57.333333333333336,40.666666666666664,0.9565007716049383,0.49109858650921456,34.27722222222223,0.22019675925925927
no_neighbor_signal,1027,0.5570175438596491,0.44298245614035087,11.49583999999995,27.875509386714086,0.08027401675487911,7.991898148148148,30.81666666666668,50.0,55.0,0.9765625,0.5442943114441195,66.8363333333333,0.2355324074074074
no_neighbor_signal,1028,0.5717439293598234,0.42825607064017657,12.245840000000035,27.621479294635346,0.09940090843141373,7.090856481481481,28.333333333333332,48.333333333333336,53.333333333333336,0.9809992283950617,0.561030245891587,73.63377777777777,0.24160879629629628
no_neighbor_signal,1029,0.5422427035330261,0.4577572964669739,12.629173333333378,27.800474848912,0.0641654166221053,6.677951388888888,26.81666666666668,47.333333333333336,60.333333333333336,0.9536072530864198,0.5179838176309951,99.80655555555556,0.26417824074074076
no_neighbor_signal,1030,0.5295815295815296,0.4704184704184704,12.89584000000005,27.873481980284083,0.07213274934174387,7.367476851851852,31.0,60.666666666666664,65.66666666666667,0.9254436728395062,0.49027059617337393,86.73077777777775,0.2717013888888889
no_redundancy,1001,0.41474147414741475,0.5852585258525852,17.779173333333468,27.869978979177933,0.018893326237943844,9.894965277777777,42.333333333333336,59.333333333333336,116.33333333333333,0.90258487654321,0.37444612516807235,-39.36088888888886,0.44560185185185186
no_redundancy,1002,0.4344569288389513,0.5655430711610486,17.779173333333492,28.1960693899323,0.025770000140548654,10.827835648148147,45.816666666666684,62.333333333333336,111.0,0.9316165123456791,0.4046612741018172,-22.1671111111112,0.4461805555555556
no_redundancy,1003,0.39166666666666666,0.6083333333333334,17.162506666666808,28.045742792782573,0.018566725887684883,9.905671296296296,42.666666666666664,60.0,103.66666666666667,0.9276620370370371,0.36336082175925927,-86.03666666666685,0.42158564814814814
no_redundancy,1004,0.38666666666666666,0.6133333333333334,17.562506666666824,27.778055887166204,0.02725973755829202,10.630497685185185,45.666666666666664,63.333333333333336,108.66666666666667,0.8545524691358025,0.33175154320987654,-69.2928888888889,0.4415509259259259
no_redundancy,1005,0.3907563025210084,0.6092436974789915,17.212506666666798,27.612860050191575,0.017548608828096012,10.314236111111112,44.333333333333336,61.333333333333336,97.66666666666667,0.9048996913580248,0.35416585615727775,-75.64122222222221,0.42824074074074076
no_redundancy,1006,0.3320363164721141,0.6679636835278858,17.945840000000157,27.73702749384593,0.011534210232069271,9.864004629629628,43.63333333333336,60.333333333333336,104.0,0.8641975308641975,0.2872040429696882,-133.79911111111085,0.44965277777777785
no_redundancy,1007,0.30404463040446306,0.6959553695955369,17.96250666666683,27.847617605125972,0.013036422441788353,9.303819444444445,41.30000000000003,58.0,108.66666666666667,0.8409529320987654,0.2561155341184978,-162.13555555555527,0.4458912037037037
no_redundancy,1008,0.2768959435626102,0.7231040564373897,17.295840000000144,27.813389786660803,0.011285764593337702,10.247974537037036,42.666666666666664,64.0,103.0,0.8787615740740741,0.24341533166764648,-162.53499999999985,0.4192708333333333
no_redundancy,1009,0.3284072249589491,0.6715927750410509,17.612506666666814,27.58535144988277,0.01716088461810208,10.300925925925926,44.48333333333335,60.666666666666664,102.0,0.8849344135802469,0.2909558778811652,-130.830888888889,0.43402777777777773
no_redundancy,1010,0.39074960127591707,0.6092503987240829,17.14584000000015,27.87536673639651,0.025137814114977553,10.893807870370372,45.15000000000001,61.0,106.33333333333333,0.9125192901234569,0.357418298481895,-71.74911111111125,0.41261574074074076
no_redundancy,1011,0.31825037707390647,0.6817496229260934,17.62917333333348,27.8041058670549,0.011479506493120148,10.083912037037036,43.48333333333335,59.666666666666664,111.0,0.8394097222222222,0.2676936693480811,-146.67166666666643,0.4447337962962963
no_redundancy,1012,0.34577114427860695,0.654228855721393,17.629173333333465,27.719253047701116,0.023123214893867015,10.079861111111112,45.15000000000001,60.333333333333336,119.66666666666667,0.8521412037037037,0.2947739600608071,-133.84266666666642,0.4554398148148148
no_redundancy,1013,0.3352601156069364,0.6647398843930636,17.32917333333349,27.505443767934835,0.01705872825033905,10.648148148148147,44.816666666666684,61.333333333333336,89.33333333333333,0.915798611111111,0.30697555394990367,-110.80233333333346,0.41232638888888884
no_redundancy,1014,0.4096045197740113,0.5903954802259886,16.662506666666786,27.16643055612605,0.01678022618853529,11.081018518518519,46.666666666666664,63.0,100.33333333333333,0.9448302469135803,0.387478094266583,-76.72155555555561,0.4030671296296296
no_redundancy,1015,0.39873417721518983,0.6012658227848101,16.929173333333466,27.984652380248956,0.015855253744092943,10.817418981481481,46.0,62.666666666666664,96.33333333333333,0.9433834876543209,0.37624164908579466,-72.46022222222227,0.4030671296296296
no_redundancy,1016,0.4004711425206125,0.5995288574793876,17.995840000000157,27.74034214332949,0.017234174068919292,9.013310185185185,40.666666666666664,61.0,124.66666666666667,0.8802083333333334,0.35300925925925924,-65.92900000000019,0.46990740740740744
no_redundancy,1017,0.3619702176403207,0.6380297823596793,17.245840000000154,27.709681216547505,0.014424326198439757,11.069444444444443,46.333333333333336,62.0,109.0,0.8511766975308642,0.3081239261168385,-89.10511111111123,0.43865740740740744
no_redundancy,1018,0.45089285714285715,0.5491071428571429,18.029173333333485,27.811885286899123,0.025267139387045653,10.14236111111111,46.0,61.666666666666664,129.66666666666666,0.935763888888889,0.4227869750330688,-29.312666666666885,0.47019675925925924
no_redundancy,1019,0.37894736842105264,0.6210526315789474,17.02917333333346,28.39281734152696,0.021213512817444057,10.14380787037037,43.666666666666664,63.333333333333336,105.0,0.9095293209876543,0.34485461338531503,-82.4605555555557,0.42158564814814814
no_redundancy,1020,0.3869281045751634,0.6130718954248365,17.545840000000144,27.540248359265487,0.017581608320864677,9.921296296296296,42.333333333333336,60.0,106.66666666666667,0.9088541666666666,0.35180343742435244,-74.20533333333341,0.42795138888888884
no_redundancy,1021,0.34654919236417037,0.6534508076358296,17.445840000000135,27.66833377655367,0.020465471233650962,9.831886574074074,43.333333333333336,58.0,115.66666666666667,0.8913966049382717,0.3092444729972263,-118.5781111111113,0.45341435185185186
no_redundancy,1022,0.3252818035426731,0.6747181964573269,17.312506666666795,27.780487312650067,0.02033490138768411,10.920138888888891,46.666666666666664,64.66666666666667,94.33333333333333,0.8619791666666666,0.28058742619431026,-122.04933333333348,0.4178240740740741
no_redundancy,1023,0.3951890034364261,0.6048109965635738,17.37917333333347,28.173412349677125,0.022906813457723125,10.57175925925926,45.333333333333336,61.666666666666664,109.33333333333333,0.8973765432098766,0.3550854333715159,-72.8362222222224,0.4351851851851852
no_redundancy,1024,0.5242165242165243,0.47578347578347574,17.71250666666683,27.734086011533236,0.021290886730954046,9.247974537037038,40.666666666666664,59.0,108.0,0.9663387345679012,0.5070062717632162,-29.382111111111083,0.43778935185185186
no_redundancy,1025,0.29805352798053525,0.7019464720194647,17.812506666666835,27.631273780374894,0.022506373015587902,9.4296875,41.333333333333336,59.0,104.66666666666667,0.8529128086419754,0.25469827149229524,-167.71277777777772,0.43634259259259256
no_redundancy,1026,0.2608695652173913,0.7391304347826088,17.379173333333483,28.031244741185912,0.015432873317768775,10.338541666666666,44.333333333333336,60.666666666666664,95.0,0.8948688271604938,0.2335936102164967,-158.07344444444456,0.42303240740740744
no_redundancy,1027,0.3618421052631579,0.6381578947368421,17.079173333333454,27.875509386714086,0.022604984158306928,10.795138888888891,45.666666666666664,63.333333333333336,103.66666666666667,0.9267939814814815,0.33656315992527613,-98.73700000000014,0.4103009259259259
no_redundancy,1028,0.423841059602649,0.5761589403973509,17.57917333333349,27.621479294635346,0.020094089701141283,10.580150462962962,44.333333333333336,61.666666666666664,99.33333333333333,0.9460841049382717,0.40128822254926005,-62.087111111111255,0.42158564814814814
no_redundancy,1029,0.38556067588325654,0.6144393241167434,17.46250666666681,27.800474848912,0.025214569164920722,9.607060185185185,42.816666666666684,64.33333333333333,105.33333333333333,0.8920717592592592,0.3446580581157194,-83.45900000000016,0.44560185185185186
no_redundancy,1030,0.41414141414141414,0.585858585858586,17.512506666666816,27.873481980284083,0.01936421910365825,9.844039351851853,43.48333333333335,62.333333333333336,122.33333333333333,0.9076003086419754,0.37606220939554275,-64.633777777778,0.4615162037037037
