ablation,display_name,metric,n_pairs,full_model_advantage_mean,full_model_advantage_std,test,assumption,statistic,p_value,paired_cohens_dz
no_agent_id,No agent ID,raw_episode_reward,30,-62.124451851851845,14.306497814891209,two-sided one-sample t-test on paired seed differences,paired environment-seed differences are approximately normal,-23.784272078443397,1.427835880594917e-20,-4.342394110401243
no_agent_id,No agent ID,event_recall,30,-0.06772007006430322,0.018186193833062147,two-sided one-sample t-test on paired seed differences,paired environment-seed differences are approximately normal,-20.395587064851913,9.649271348292714e-19,-3.723707702993325
no_agent_id,No agent ID,total_energy_consumption,30,-1.2833333333333645,0.3746006813903205,two-sided one-sample t-test on paired seed differences,paired environment-seed differences are approximately normal,-18.764264198776843,9.178744983535567e-18,-3.4258702588855603
no_agent_id,No agent ID,mean_aoi,30,-2.2150655864197537,0.4645867276442399,two-sided one-sample t-test on paired seed differences,paired environment-seed differences are approximately normal,-26.114422041013512,1.0676680581034408e-21,-4.767819342691067
no_agent_id,No agent ID,redundant_sampling,30,-2.4111111111111123,3.3786384767502526,two-sided one-sample t-test on paired seed differences,paired environment-seed differences are approximately normal,-3.9087341048609057,0.0005122868065663438,-0.7136339468406937
no_agent_id,No agent ID,network_utility,30,-0.07294055334258655,0.01988850235451695,two-sided one-sample t-test on paired seed differences,paired environment-seed differences are approximately normal,-20.087579099976846,1.4584175824595195e-18,-3.667473399575547
no_aoi,No AoI term,raw_episode_reward,30,-3.9377999999999984,4.134578593306891,two-sided one-sample t-test on paired seed differences,paired environment-seed differences are approximately normal,-5.216545866210727,1.389485161022797e-05,-0.952406614394647
no_aoi,No AoI term,event_recall,30,-0.003752933921921988,0.005100749648186181,two-sided one-sample t-test on paired seed differences,paired environment-seed differences are approximately normal,-4.029930319348179,0.0003688130704759056,-0.7357612470269984
no_aoi,No AoI term,total_energy_consumption,30,-0.1716666666666704,0.0942961422970615,two-sided one-sample t-test on paired seed differences,paired environment-seed differences are approximately normal,-9.971320503106693,7.043945355469501e-11,-1.8205057225550993
no_aoi,No AoI term,mean_aoi,30,-0.15880594135802464,0.18420954610853957,two-sided one-sample t-test on paired seed differences,paired environment-seed differences are approximately normal,-4.721883213174065,5.492305939397046e-05,-0.8620939832534701
no_aoi,No AoI term,redundant_sampling,30,-0.14444444444444524,2.0354771689302424,two-sided one-sample t-test on paired seed differences,paired environment-seed differences are approximately normal,-0.38868272135965076,0.7003499772683891,-0.07096343140039194
no_aoi,No AoI term,network_utility,30,-0.004130493523830324,0.00560222585835762,two-sided one-sample t-test on paired seed differences,paired environment-seed differences are approximately normal,-4.038331430811177,0.0003604810755296863,-0.737295073112465
no_coordination_constraint,No coordination constraint,raw_episode_reward,30,214.879514814815,28.20135211111793,two-sided one-sample t-test on paired seed differences,paired environment-seed differences are approximately normal,41.73358672524095,1.892548077111617e-27,7.619475618337541
no_coordination_constraint,No coordination constraint,event_recall,30,0.1465926462938397,0.03711908134186353,two-sided one-sample t-test on paired seed differences,paired environment-seed differences are approximately normal,21.63094996883915,1.941277017678934e-19,3.9492530793996248
no_coordination_constraint,No coordination constraint,total_energy_consumption,30,5.396666666666791,0.7490274665150173,two-sided one-sample t-test on paired seed differences,paired environment-seed differences are approximately normal,39.4628528433323,9.329558673959479e-27,7.204898228599996
no_coordination_constraint,No coordination constraint,mean_aoi,30,-0.06100501543209861,0.5890958868025464,two-sided one-sample t-test on paired seed differences,paired environment-seed differences are approximately normal,-0.5672051667933449,0.5749395848910348,-0.10355702152873172
no_coordination_constraint,No coordination constraint,redundant_sampling,30,121.0111111111111,8.997438261782342,two-sided one-sample t-test on paired seed differences,paired environment-seed differences are approximately normal,73.66598506805403,1.5436381997218678e-34,13.44950724753731
no_coordination_constraint,No coordination constraint,network_utility,30,0.1461032526418084,0.03944628766771791,two-sided one-sample t-test on paired seed differences,paired environment-seed differences are approximately normal,20.286838617334542,1.115730349406476e-18,3.703853043727015
no_energy,No energy term,raw_episode_reward,30,39.18833703703704,10.35918689740559,two-sided one-sample t-test on paired seed differences,paired environment-seed differences are approximately normal,20.72009743513363,6.281159348021388e-19,3.7829549196425423
no_energy,No energy term,event_recall,30,0.03813271111730688,0.010626590747486769,two-sided one-sample t-test on paired seed differences,paired environment-seed differences are approximately normal,19.654606594044907,2.6311128919547096e-18,3.5884237968160595
no_energy,No energy term,total_energy_consumption,30,0.923333333333354,0.1987316101518981,two-sided one-sample t-test on paired seed differences,paired environment-seed differences are approximately normal,25.447914117767457,2.1921811462262106e-21,4.646132201251805
no_energy,No energy term,mean_aoi,30,0.9534143518518519,0.4602320200394069,two-sided one-sample t-test on paired seed differences,paired environment-seed differences are approximately normal,11.346593118699417,3.4866959757048812e-12,2.0715950006481876
no_energy,No energy term,redundant_sampling,30,7.788888888888887,4.309379713152789,two-sided one-sample t-test on paired seed differences,paired environment-seed differences are approximately normal,9.89968493452769,8.291974198691223e-11,1.8074269169449566
no_energy,No energy term,network_utility,30,0.03953264540303423,0.011512952375514958,two-sided one-sample t-test on paired seed differences,paired environment-seed differences are approximately normal,18.807444814194543,8.629021307120833e-18,3.4337539245893036
no_neighbor_signal,No neighbor signal,raw_episode_reward,30,-40.468159259259245,18.24092803166881,two-sided one-sample t-test on paired seed differences,paired environment-seed differences are approximately normal,-12.151423243667063,6.677204407788944e-13,-2.2185362054496816
no_neighbor_signal,No neighbor signal,event_recall,30,-0.04668496347632424,0.027655294969438058,two-sided one-sample t-test on paired seed differences,paired environment-seed differences are approximately normal,-9.24611638405792,3.7878359796872087e-10,-1.688102170955541
no_neighbor_signal,No neighbor signal,total_energy_consumption,30,-1.3694444444444824,0.41580562373606617,two-sided one-sample t-test on paired seed differences,paired environment-seed differences are approximately normal,-18.03909256283859,2.6378487164737632e-17,-3.2934726378634585
no_neighbor_signal,No neighbor signal,mean_aoi,30,-1.2910108024691358,0.655215780896188,two-sided one-sample t-test on paired seed differences,paired environment-seed differences are approximately normal,-10.792104816645539,1.1387513344459778e-11,-1.9703597503456387
no_neighbor_signal,No neighbor signal,redundant_sampling,30,1.6444444444444442,4.2371584974865515,two-sided one-sample t-test on paired seed differences,paired environment-seed differences are approximately normal,2.125715423014175,0.04216678546390003,0.3881007626738333
no_neighbor_signal,No neighbor signal,network_utility,30,-0.05104455673172869,0.030057346107209386,two-sided one-sample t-test on paired seed differences,paired environment-seed differences are approximately normal,-9.301637962346273,3.322010862860231e-10,-1.6982389779078144
no_redundancy,No redundancy penalty,raw_episode_reward,30,118.13585925925932,19.69608800225403,two-sided one-sample t-test on paired seed differences,paired environment-seed differences are approximately normal,32.852043999370295,1.6977163634766592e-24,5.997935186202448
no_redundancy,No redundancy penalty,event_recall,30,0.09434269937202026,0.02545890823965773,two-sided one-sample t-test on paired seed differences,paired environment-seed differences are approximately normal,20.29687372905142,1.1008481026133635e-18,3.705685196078487
no_redundancy,No redundancy penalty,total_energy_consumption,30,3.5561111111111896,0.5460846939585074,two-sided one-sample t-test on paired seed differences,paired environment-seed differences are approximately normal,35.66776901273767,1.6535039961677213e-25,6.5120138880533975
no_redundancy,No redundancy penalty,mean_aoi,30,1.1363908179012345,0.5743716893880995,two-sided one-sample t-test on paired seed differences,paired environment-seed differences are approximately normal,10.836656760874604,1.034010312468831e-11,1.9784937852906295
no_redundancy,No redundancy penalty,redundant_sampling,30,48.41111111111112,8.00128501812375,two-sided one-sample t-test on paired seed differences,paired environment-seed differences are approximately normal,33.13949887972162,1.3270817051471014e-24,6.0504170269469055
no_redundancy,No redundancy penalty,network_utility,30,0.09556539716334579,0.026848747314707485,two-sided one-sample t-test on paired seed differences,paired environment-seed differences are approximately normal,19.495629769896766,3.276872003392227e-18,3.5593987325805694
