team_reward,samples_executed,sample_rate_pct,rejections,total_events,events_captured,event_recall_pct,missed_event_rate_pct,mean_aoi,median_aoi,p95_aoi,max_aoi,overlap_steps,final_battery_mean,total_harvested_energy,total_consumed_energy,energy_neutrality_ratio,policy,scenario,seed
-673.4999999999984,0,0.0,0,221,0,0.0,100.0,144.5,144.5,274.0,288.0,0,0.9890500000000012,27.68143133699346,0.17280000000000206,160.1934683853769,Always Sleep,volatile,1001
-511.5000000000024,0,0.0,0,167,0,0.0,100.0,144.5,144.5,274.0,288.0,0,0.9890500000000012,27.90166332119789,0.17280000000000206,161.4679590347081,Always Sleep,volatile,1002
-610.5000000000005,0,0.0,0,200,0,0.0,100.0,144.5,144.5,274.0,288.0,0,0.9890500000000012,27.785359336538054,0.17280000000000206,160.79490356792664,Always Sleep,volatile,1003
-652.5000000000001,0,0.0,0,214,0,0.0,100.0,144.5,144.5,274.0,288.0,0,0.9890500000000012,27.734284560450018,0.17280000000000206,160.49933194704678,Always Sleep,volatile,1004
-550.5000000000008,0,0.0,0,180,0,0.0,100.0,144.5,144.5,274.0,288.0,0,0.9890500000000012,27.736487792633937,0.17280000000000206,160.51208213329633,Always Sleep,volatile,1005
-721.4999999999994,0,0.0,0,237,0,0.0,100.0,144.5,144.5,274.0,288.0,0,0.9890500000000012,27.99295348527365,0.17280000000000206,161.99625859533168,Always Sleep,volatile,1006
-595.5000000000011,0,0.0,0,195,0,0.0,100.0,144.5,144.5,274.0,288.0,0,0.9890500000000012,27.861789194160647,0.17280000000000206,161.23720598472403,Always Sleep,volatile,1007
-544.5000000000016,0,0.0,0,178,0,0.0,100.0,144.5,144.5,274.0,288.0,0,0.9890500000000012,27.453597994960173,0.17280000000000206,158.87498839675837,Always Sleep,volatile,1008
-592.5000000000005,0,0.0,0,194,0,0.0,100.0,144.5,144.5,274.0,288.0,0,0.9890500000000012,27.669630106450395,0.17280000000000206,160.12517422714157,Always Sleep,volatile,1009
-595.4999999999994,0,0.0,0,195,0,0.0,100.0,144.5,144.5,274.0,288.0,0,0.9890500000000012,27.71507025771422,0.17280000000000206,160.3881380654739,Always Sleep,volatile,1010
-562.5000000000017,0,0.0,0,184,0,0.0,100.0,144.5,144.5,274.0,288.0,0,0.9890500000000012,27.807557320159795,0.17280000000000206,160.9233641212932,Always Sleep,volatile,1011
-625.5000000000001,0,0.0,0,205,0,0.0,100.0,144.5,144.5,274.0,288.0,0,0.9890500000000012,27.617420082585543,0.17280000000000206,159.8230328853311,Always Sleep,volatile,1012
-634.500000000001,0,0.0,0,208,0,0.0,100.0,144.5,144.5,274.0,288.0,0,0.9890500000000012,27.681514224228426,0.17280000000000206,160.19394805687554,Always Sleep,volatile,1013
-616.4999999999995,0,0.0,0,202,0,0.0,100.0,144.5,144.5,274.0,288.0,0,0.9890500000000012,26.70161253190896,0.17280000000000206,154.5232206707676,Always Sleep,volatile,1014
-649.499999999999,0,0.0,0,213,0,0.0,100.0,144.5,144.5,274.0,288.0,0,0.9890500000000012,27.62911480971715,0.17280000000000206,159.89071070437976,Always Sleep,volatile,1015
-550.5000000000015,0,0.0,0,180,0,0.0,100.0,144.5,144.5,274.0,288.0,0,0.9890500000000012,27.825202481620604,0.17280000000000206,161.0254773241914,Always Sleep,volatile,1016
-523.5000000000024,0,0.0,0,171,0,0.0,100.0,144.5,144.5,274.0,288.0,0,0.9890500000000012,27.75747487843434,0.17280000000000206,160.63353517612273,Always Sleep,volatile,1017
-637.4999999999995,0,0.0,0,209,0,0.0,100.0,144.5,144.5,274.0,288.0,0,0.9890500000000012,27.95650750592208,0.17280000000000206,161.78534436297306,Always Sleep,volatile,1018
-511.5000000000027,0,0.0,0,167,0,0.0,100.0,144.5,144.5,274.0,288.0,0,0.9890500000000012,28.074163820764877,0.17280000000000206,162.46622581460963,Always Sleep,volatile,1019
-670.4999999999981,0,0.0,0,220,0,0.0,100.0,144.5,144.5,274.0,288.0,0,0.9890500000000012,28.030698129308075,0.17280000000000206,162.21468824830868,Always Sleep,volatile,1020
-607.5000000000002,0,0.0,0,199,0,0.0,100.0,144.5,144.5,274.0,288.0,0,0.9890500000000012,27.95178863229209,0.17280000000000206,161.75803606650322,Always Sleep,volatile,1021
-658.5000000000002,0,0.0,0,216,0,0.0,100.0,144.5,144.5,274.0,288.0,0,0.9890500000000012,27.6741675016026,0.17280000000000206,160.15143230093906,Always Sleep,volatile,1022
-610.5,0,0.0,0,200,0,0.0,100.0,144.5,144.5,274.0,288.0,0,0.9890500000000012,27.43572515624647,0.17280000000000206,158.77155761716517,Always Sleep,volatile,1023
-577.5000000000005,0,0.0,0,189,0,0.0,100.0,144.5,144.5,274.0,288.0,0,0.9890500000000012,28.139151400382467,0.17280000000000206,162.842311344804,Always Sleep,volatile,1024
-682.4999999999998,0,0.0,0,224,0,0.0,100.0,144.5,144.5,274.0,288.0,0,0.9890500000000012,27.649015007889712,0.17280000000000206,160.00587388824874,Always Sleep,volatile,1025
-724.4999999999983,0,0.0,0,238,0,0.0,100.0,144.5,144.5,274.0,288.0,0,0.9890500000000012,27.49254780515426,0.17280000000000206,159.10039239093712,Always Sleep,volatile,1026
-649.5000000000013,0,0.0,0,213,0,0.0,100.0,144.5,144.5,274.0,288.0,0,0.9890500000000012,27.696790334187096,0.17280000000000206,160.28235147098823,Always Sleep,volatile,1027
-634.4999999999997,0,0.0,0,208,0,0.0,100.0,144.5,144.5,274.0,288.0,0,0.9890500000000012,27.795097133372163,0.17280000000000206,160.85125655886478,Always Sleep,volatile,1028
-568.5000000000007,0,0.0,0,186,0,0.0,100.0,144.5,144.5,274.0,288.0,0,0.9890500000000012,27.71168561339238,0.17280000000000206,160.3685510034262,Always Sleep,volatile,1029
-562.5000000000018,0,0.0,0,184,0,0.0,100.0,144.5,144.5,274.0,288.0,0,0.9890500000000012,27.39457591596873,0.17280000000000206,158.53342543963197,Always Sleep,volatile,1030
186.6678000000001,576,50.0,0,221,124,56.10859728506787,43.89140271493213,15.666666666666666,0.5,60.0,69.0,148,0.01297231867650622,27.68143133699346,28.972800000000134,0.955428240867066,Always Sample (Feasible),volatile,1001
110.34920000000007,573,49.73958333333333,0,167,94,56.287425149700596,43.712574850299404,16.0703125,1.0,61.0,70.0,148,0.01849726428963217,27.90166332119789,28.822800000000143,0.9680413881093354,Always Sample (Feasible),volatile,1002
83.31779999999986,575,49.91319444444444,0,200,103,51.5,48.5,15.675347222222221,1.0,60.0,69.0,147,0.02722252594276045,27.785359336538054,28.922800000000134,0.9606732175494048,Always Sample (Feasible),volatile,1003
15.701199999999965,578,50.173611111111114,0,214,100,46.728971962616825,53.271028037383175,16.055555555555557,0.0,61.0,70.0,150,0.010410511114260914,27.734284560450018,29.072800000000132,0.9539598717856516,Always Sample (Feasible),volatile,1004
102.01960000000004,576,50.0,0,180,98,54.44444444444444,45.55555555555556,15.936631944444445,0.5,60.0,69.0,150,0.020024076978147752,27.736487792633937,28.972800000000134,0.9573285216697665,Always Sample (Feasible),volatile,1005
-14.39219999999989,582,50.520833333333336,0,237,105,44.303797468354425,55.696202531645575,15.43923611111111,0.0,59.0,69.0,151,0.01001623133793946,27.99295348527365,29.272800000000124,0.9562786438356949,Always Sample (Feasible),volatile,1006
46.33059999999981,583,50.607638888888886,0,195,97,49.743589743589745,50.256410256410255,15.597222222222221,0.0,60.0,69.0,149,0.009849941814175579,27.861789194160647,29.32280000000012,0.9501749217046302,Always Sample (Feasible),volatile,1007
38.34759999999992,569,49.39236111111111,0,178,89,50.0,50.0,16.085069444444443,1.0,61.0,71.0,146,0.007730997958542022,27.453597994960173,28.622800000000147,0.959151375650182,Always Sample (Feasible),volatile,1008
-43.830200000000005,577,50.08680555555556,0,194,85,43.81443298969072,56.18556701030928,15.940972222222221,0.0,60.0,69.0,148,0.011130737418459099,27.669630106450395,29.022800000000135,0.9533756255926467,Always Sample (Feasible),volatile,1009
83.55960000000002,573,49.73958333333333,0,195,101,51.7948717948718,48.2051282051282,16.00347222222222,1.0,60.450000000000045,69.0,149,0.010136898082423849,27.71507025771422,28.82280000000014,0.9615675873861695,Always Sample (Feasible),volatile,1010
68.07879999999989,575,49.91319444444444,0,184,95,51.63043478260869,48.36956521739131,15.886284722222221,1.0,60.0,69.0,148,0.015166099224357958,27.807557320159795,28.922800000000137,0.9614407083740046,Always Sample (Feasible),volatile,1011
86.8981999999999,565,49.04513888888889,0,205,105,51.21951219512195,48.78048780487805,16.3515625,1.0,61.0,70.0,144,0.00567412134738885,27.617420082585543,28.42280000000015,0.9716643005821171,Always Sample (Feasible),volatile,1012
-94.13260000000015,581,50.43402777777778,0,208,84,40.38461538461539,59.61538461538461,15.407118055555555,0.0,59.0,70.0,151,0.015222015143236166,27.681514224228426,29.222800000000127,0.9472574231157967,Always Sample (Feasible),volatile,1013
143.17880000000008,568,49.30555555555556,0,202,111,54.95049504950495,45.04950495049505,16.171006944444443,1.0,61.0,69.0,146,0.004070238434614801,26.70161253190896,28.572800000000147,0.9345115820608699,Always Sample (Feasible),volatile,1014
290.4385999999996,576,50.0,0,213,134,62.91079812206573,37.08920187793427,15.832465277777779,0.5,60.0,69.0,148,0.014080863638258032,27.62911480971715,28.972800000000134,0.9536225290519736,Always Sample (Feasible),volatile,1015
28.02920000000004,581,50.43402777777778,0,180,89,49.44444444444444,50.55555555555556,15.62673611111111,0.0,60.0,70.0,149,0.01797751908718588,27.825202481620604,29.222800000000127,0.9521744145537212,Always Sample (Feasible),volatile,1016
10.196600000000032,568,49.30555555555556,0,171,83,48.53801169590643,51.46198830409357,16.077256944444443,1.0,61.0,70.0,143,0.031097609595652168,27.75747487843434,28.57280000000015,0.9714649904256564,Always Sample (Feasible),volatile,1017
38.34919999999992,573,49.73958333333333,0,209,101,48.32535885167464,51.67464114832536,16.06076388888889,1.0,61.0,69.0,146,0.020623672667727702,27.95650750592208,28.82280000000014,0.9699441936911731,Always Sample (Feasible),volatile,1018
21.77799999999995,573,49.73958333333333,0,167,83,49.700598802395206,50.299401197604794,15.894097222222221,1.0,60.0,69.0,145,0.01777517650088606,28.074163820764877,28.82280000000014,0.9740262507724697,Always Sample (Feasible),volatile,1019
236.77939999999995,582,50.520833333333336,0,220,130,59.09090909090909,40.90909090909091,15.610243055555555,0.0,60.0,69.0,149,0.023059236658810607,28.030698129308075,29.272800000000128,0.9575680539377153,Always Sample (Feasible),volatile,1020
44.96679999999991,574,49.82638888888889,0,199,98,49.246231155778894,50.753768844221106,15.663194444444445,1.0,60.0,69.0,147,0.01570988445947217,27.95178863229209,28.872800000000137,0.9681010720225249,Always Sample (Feasible),volatile,1021
93.43900000000004,566,49.13194444444444,0,216,110,50.92592592592593,49.07407407407407,16.4140625,1.0,61.0,71.0,144,0.0253700355204701,27.6741675016026,28.472800000000152,0.9719510375376659,Always Sample (Feasible),volatile,1022
89.88999999999983,574,49.82638888888889,0,200,104,52.0,48.0,16.118055555555557,1.0,61.0,70.0,146,0.023827661358421532,27.43572515624647,28.87280000000014,0.950227382042834,Always Sample (Feasible),volatile,1023
145.8078000000001,582,50.520833333333336,0,189,107,56.613756613756614,43.386243386243386,15.452256944444445,0.0,59.0,70.0,148,0.02069879637280512,28.139151400382467,29.272800000000124,0.9612729701423283,Always Sample (Feasible),volatile,1024
137.53699999999998,580,50.34722222222222,0,224,119,53.125,46.875,15.28125,0.0,59.0,70.0,152,0.020797863707436793,27.649015007889712,29.172800000000127,0.947766926996709,Always Sample (Feasible),volatile,1025
73.6678000000001,576,50.0,0,238,116,48.739495798319325,51.260504201680675,15.686631944444445,0.5,60.0,71.0,151,0.017118262540185024,27.49254780515426,28.972800000000138,0.9489089009399896,Always Sample (Feasible),volatile,1026
-74.7508,566,49.13194444444444,0,213,88,41.31455399061033,58.68544600938967,16.346354166666668,1.0,61.0,70.0,145,0.018531609224401138,27.696790334187096,28.47280000000015,0.972745579436759,Always Sample (Feasible),volatile,1027
67.81699999999984,577,50.08680555555556,0,208,104,50.0,50.0,15.683159722222221,0.0,60.0,70.0,152,0.024773666785574917,27.795097133372163,29.022800000000135,0.9576986759848131,Always Sample (Feasible),volatile,1028
77.3377999999999,579,50.260416666666664,0,186,97,52.1505376344086,47.8494623655914,15.57204861111111,0.0,59.450000000000045,69.0,151,0.01261517735851699,27.71168561339238,29.12280000000013,0.9515460605914354,Always Sample (Feasible),volatile,1029
67.09759999999984,570,49.47916666666667,0,184,95,51.63043478260869,48.36956521739131,16.067708333333332,1.0,61.0,70.0,146,0.01838732747321566,27.39457591596873,28.672800000000148,0.9554203257431638,Always Sample (Feasible),volatile,1030
-152.0518000000001,355,30.81597222222222,0,221,70,31.674208144796378,68.32579185520362,8.43142361111111,2.0,40.0,57.0,117,0.011210800116907747,27.68143133699346,17.922800000000258,1.5444814056393565,Random Feasible,volatile,1001
-53.27959999999997,375,32.55208333333333,0,167,63,37.72455089820359,62.27544910179641,9.477430555555555,2.0,44.0,61.0,127,0.007755106959382267,27.90166332119789,18.922800000000276,1.474499721034809,Random Feasible,volatile,1002
-171.85480000000007,363,31.510416666666668,0,200,60,30.0,70.0,8.480034722222221,2.0,40.0,62.0,121,0.02647651286773584,27.785359336538054,18.322800000000242,1.5164363163128827,Random Feasible,volatile,1003
-207.86419999999993,376,32.63888888888889,0,214,61,28.504672897196258,71.49532710280374,8.3203125,2.0,41.0,62.0,116,0.01883852804552499,27.734284560450018,18.972800000000255,1.4617918578412066,Random Feasible,volatile,1004
-49.08000000000008,378,32.8125,0,180,69,38.333333333333336,61.666666666666664,9.731770833333334,1.0,44.0,63.0,127,0.02399151372884428,27.736487792633937,19.072800000000267,1.454243099735411,Random Feasible,volatile,1005
-182.8061999999998,381,33.07291666666667,0,237,73,30.801687763713083,69.19831223628691,6.881076388888889,1.0,35.0,52.0,125,0.02596104123822381,27.99295348527365,19.22280000000025,1.4562370458660177,Random Feasible,volatile,1006
-189.74679999999992,368,31.944444444444443,0,195,56,28.717948717948715,71.28205128205128,8.61545138888889,1.0,40.0,53.0,128,0.021039710789702924,27.861789194160647,18.572800000000257,1.5001394078523573,Random Feasible,volatile,1007
-158.38700000000006,388,33.68055555555556,0,178,54,30.337078651685395,69.6629213483146,8.831597222222221,1.0,41.450000000000045,61.0,137,0.01131961180006683,27.453597994960173,19.57280000000029,1.4026402964808187,Random Feasible,volatile,1008
-124.01419999999996,393,34.11458333333333,0,194,65,33.50515463917525,66.49484536082474,9.635416666666666,1.0,44.450000000000045,59.0,130,0.025021223600701463,27.669630106450395,19.822800000000292,1.3958487250262317,Random Feasible,volatile,1009
-133.016,372,32.29166666666667,0,195,63,32.30769230769231,67.6923076923077,9.889756944444445,2.0,45.0,62.0,122,0.023749262203974997,27.71507025771422,18.77280000000027,1.4763418487233562,Random Feasible,volatile,1010
-166.8925999999998,381,33.07291666666667,0,184,55,29.891304347826086,70.1086956521739,9.15017361111111,2.0,44.0,64.0,131,0.016309566439545568,27.807557320159795,19.22280000000025,1.4465924485589732,Random Feasible,volatile,1011
-156.41479999999981,357,30.989583333333332,0,205,64,31.21951219512195,68.78048780487805,9.700520833333334,2.0,44.0,63.0,111,0.015970818859746345,27.617420082585543,18.02280000000026,1.5323601262059805,Random Feasible,volatile,1012
-246.59479999999994,373,32.37847222222222,0,208,54,25.961538461538463,74.03846153846153,8.611979166666666,1.0,40.0,55.0,126,0.012160076473393965,27.681514224228426,18.82280000000025,1.4706374303625422,Random Feasible,volatile,1013
-106.24860000000007,368,31.944444444444443,0,202,69,34.15841584158416,65.84158415841584,9.19357638888889,2.0,43.0,64.0,123,0.030340229432736877,26.70161253190896,18.572800000000264,1.437672969714237,Random Feasible,volatile,1014
-94.32920000000003,369,32.03125,0,213,75,35.2112676056338,64.7887323943662,9.270833333333334,2.0,42.0,64.0,126,0.017160996181726763,27.62911480971715,18.62280000000026,1.4836176520027473,Random Feasible,volatile,1015
-152.47959999999992,376,32.63888888888889,0,180,55,30.555555555555557,69.44444444444444,8.348090277777779,1.0,40.0,59.0,125,0.008928446253850374,27.825202481620604,18.97280000000026,1.4665838717332298,Random Feasible,volatile,1016
-80.36240000000005,367,31.85763888888889,0,171,61,35.67251461988304,64.32748538011697,9.90451388888889,2.0,44.0,66.0,131,0.02187330664224604,27.75747487843434,18.522800000000277,1.498557177016106,Random Feasible,volatile,1017
-85.18220000000002,382,33.15972222222222,0,209,75,35.88516746411483,64.11483253588517,9.30642361111111,1.0,43.0,61.0,128,0.03163194497178557,27.95650750592208,19.27280000000028,1.450568028824129,Random Feasible,volatile,1018
-121.94060000000003,367,31.85763888888889,0,167,54,32.33532934131736,67.66467065868264,7.927083333333333,1.0,38.0,55.0,121,0.022038966576816,28.074163820764877,18.52280000000025,1.5156544270177565,Random Feasible,volatile,1019
-73.79239999999996,395,34.28819444444444,0,220,81,36.81818181818181,63.18181818181819,8.17361111111111,1.0,40.0,58.0,129,0.01830259564535159,28.030698129308075,19.92280000000028,1.4069657944318912,Random Feasible,volatile,1020
-175.16679999999985,387,33.59375,0,199,60,30.15075376884422,69.84924623115577,8.057291666666666,1.0,40.0,59.0,130,0.006949535431183657,27.95178863229209,19.522800000000277,1.431751010730617,Random Feasible,volatile,1021
-65.51559999999998,380,32.98611111111111,0,216,80,37.03703703703704,62.96296296296296,9.485243055555555,1.5,44.0,67.0,134,0.016434574849559506,27.6741675016026,19.17280000000026,1.4434077183093874,Random Feasible,volatile,1022
-59.27619999999995,386,33.50694444444444,0,200,75,37.5,62.5,8.815972222222221,1.0,41.0,62.0,128,0.020289923729472376,27.43572515624647,19.472800000000266,1.4089255349126009,Random Feasible,volatile,1023
-10.069399999999996,385,33.42013888888889,0,189,77,40.74074074074074,59.25925925925926,8.980902777777779,1.0,42.0,60.0,124,0.015267823204916812,28.139151400382467,19.422800000000283,1.4487690446476336,Random Feasible,volatile,1024
-190.27740000000003,363,31.510416666666668,0,224,67,29.910714285714285,70.08928571428572,8.565104166666666,2.0,40.450000000000045,59.0,122,0.014402293356674492,27.649015007889712,18.322800000000264,1.508995077602185,Random Feasible,volatile,1025
-136.08759999999995,369,32.03125,0,238,79,33.193277310924366,66.80672268907563,9.055555555555555,2.0,43.0,60.0,127,0.017983801313389357,27.49254780515426,18.622800000000254,1.4762843291639218,Random Feasible,volatile,1026
-200.857,381,33.07291666666667,0,213,62,29.107981220657276,70.89201877934272,8.93576388888889,1.0,41.0,61.0,125,0.024043903225194792,27.696790334187096,19.22280000000027,1.4408301774032246,Random Feasible,volatile,1027
-126.73920000000004,375,32.55208333333333,0,208,69,33.17307692307692,66.82692307692308,8.84982638888889,2.0,41.0,61.0,128,0.005141620112790525,27.795097133372163,18.922800000000283,1.4688680921096111,Random Feasible,volatile,1028
-94.73700000000002,378,32.8125,0,186,65,34.946236559139784,65.05376344086022,9.01388888888889,1.0,43.450000000000045,54.0,128,0.01384527919671243,27.71168561339238,19.072800000000278,1.4529427044477987,Random Feasible,volatile,1029
-98.38820000000005,380,32.98611111111111,0,184,64,34.78260869565217,65.21739130434783,9.735243055555555,1.0,45.0,60.0,128,0.01489628269571865,27.39457591596873,19.1728000000003,1.4288249977034289,Random Feasible,volatile,1030
-584.2584000000006,96,8.333333333333332,0,221,13,5.88235294117647,94.11764705882354,5.5,5.5,11.0,11.0,24,0.6890500000000009,27.68143133699346,4.972799999999986,5.566568399491944,Fixed Interval (N=12),volatile,1001
-438.2584000000003,96,8.333333333333332,0,167,11,6.58682634730539,93.41317365269461,5.5,5.5,11.0,11.0,24,0.6890500000000009,27.90166332119789,4.972799999999986,5.610855719352873,Fixed Interval (N=12),volatile,1002
-513.2584000000005,96,8.333333333333332,0,200,14,7.000000000000001,93.0,5.5,5.5,11.0,11.0,24,0.6890500000000009,27.785359336538054,4.972799999999986,5.587467691549657,Fixed Interval (N=12),volatile,1003
-523.2584000000006,96,8.333333333333332,0,214,18,8.411214953271028,91.58878504672897,5.5,5.5,11.0,11.0,24,0.6890500000000009,27.734284560450018,4.972799999999986,5.5771968630248745,Fixed Interval (N=12),volatile,1004
-469.2584000000003,96,8.333333333333332,0,180,12,6.666666666666667,93.33333333333333,5.5,5.5,11.0,11.0,24,0.6890500000000009,27.736487792633937,4.972799999999986,5.577639919689916,Fixed Interval (N=12),volatile,1005
-576.2584000000005,96,8.333333333333332,0,237,20,8.438818565400844,91.56118143459915,5.5,5.5,11.0,11.0,24,0.6890500000000009,27.99295348527365,4.972799999999986,5.629213619142883,Fixed Interval (N=12),volatile,1006
-498.2584000000005,96,8.333333333333332,0,195,14,7.179487179487179,92.82051282051282,5.5,5.5,11.0,11.0,24,0.6890500000000009,27.861789194160647,4.972799999999986,5.602837273600532,Fixed Interval (N=12),volatile,1007
-423.2584000000004,96,8.333333333333332,0,178,17,9.550561797752808,90.4494382022472,5.5,5.5,11.0,11.0,24,0.6890500000000009,27.453597994960173,4.972799999999986,5.52075249255153,Fixed Interval (N=12),volatile,1008
-463.2584000000004,96,8.333333333333332,0,194,18,9.278350515463918,90.72164948453609,5.5,5.5,11.0,11.0,24,0.6890500000000009,27.669630106450395,4.972799999999986,5.564195243414268,Fixed Interval (N=12),volatile,1009
-498.2584000000005,96,8.333333333333332,0,195,14,7.179487179487179,92.82051282051282,5.5,5.5,11.0,11.0,24,0.6890500000000009,27.71507025771422,4.972799999999986,5.573332982970218,Fixed Interval (N=12),volatile,1010
-409.25840000000045,96,8.333333333333332,0,184,21,11.41304347826087,88.58695652173913,5.5,5.5,11.0,11.0,24,0.6890500000000009,27.807557320159795,4.972799999999986,5.591931571782471,Fixed Interval (N=12),volatile,1011
-496.25840000000034,96,8.333333333333332,0,205,18,8.780487804878048,91.21951219512195,5.5,5.5,11.0,11.0,24,0.6890500000000009,27.617420082585543,4.972799999999986,5.553696123428575,Fixed Interval (N=12),volatile,1012
-537.2584000000006,96,8.333333333333332,0,208,14,6.730769230769231,93.26923076923077,5.5,5.5,11.0,11.0,24,0.6890500000000009,27.681514224228426,4.972799999999986,5.566585067613518,Fixed Interval (N=12),volatile,1013
-527.2584000000005,96,8.333333333333332,0,202,13,6.435643564356436,93.56435643564356,5.5,5.5,11.0,11.0,24,0.6890500000000009,26.70161253190896,4.972799999999986,5.369532764621347,Fixed Interval (N=12),volatile,1014
-544.2584000000005,96,8.333333333333332,0,213,15,7.042253521126761,92.95774647887323,5.5,5.5,11.0,11.0,24,0.6890500000000009,27.62911480971715,4.972799999999986,5.556047862314436,Fixed Interval (N=12),volatile,1015
-437.2584000000003,96,8.333333333333332,0,180,16,8.88888888888889,91.11111111111111,5.5,5.5,11.0,11.0,24,0.6890500000000009,27.825202481620604,4.972799999999986,5.595479907018316,Fixed Interval (N=12),volatile,1016
-394.2584000000002,96,8.333333333333332,0,171,18,10.526315789473683,89.47368421052632,5.5,5.5,11.0,11.0,24,0.6890500000000009,27.75747487843434,4.972799999999986,5.581860295695467,Fixed Interval (N=12),volatile,1017
-508.25840000000045,96,8.333333333333332,0,209,18,8.61244019138756,91.38755980861244,5.5,5.5,11.0,11.0,24,0.6890500000000009,27.95650750592208,4.972799999999986,5.621884553153587,Fixed Interval (N=12),volatile,1018
-430.25840000000034,96,8.333333333333332,0,167,12,7.18562874251497,92.81437125748504,5.5,5.5,11.0,11.0,24,0.6890500000000009,28.074163820764877,4.972799999999986,5.645544526376479,Fixed Interval (N=12),volatile,1019
-525.2584000000005,96,8.333333333333332,0,220,20,9.090909090909092,90.9090909090909,5.5,5.5,11.0,11.0,24,0.6890500000000009,28.030698129308075,4.972799999999986,5.6368038387444,Fixed Interval (N=12),volatile,1020
-462.2584000000005,96,8.333333333333332,0,199,20,10.050251256281408,89.94974874371859,5.5,5.5,11.0,11.0,24,0.6890500000000009,27.95178863229209,4.972799999999986,5.62093561621062,Fixed Interval (N=12),volatile,1021
-545.2584000000005,96,8.333333333333332,0,216,16,7.4074074074074066,92.5925925925926,5.5,5.5,11.0,11.0,24,0.6890500000000009,27.6741675016026,4.972799999999986,5.5651076861331,Fixed Interval (N=12),volatile,1022
-513.2584000000007,96,8.333333333333332,0,200,14,7.000000000000001,93.0,5.5,5.5,11.0,11.0,24,0.6890500000000009,27.43572515624647,4.972799999999986,5.517158372797327,Fixed Interval (N=12),volatile,1023
-456.2584000000005,96,8.333333333333332,0,189,17,8.994708994708994,91.00529100529101,5.5,5.5,11.0,11.0,24,0.6890500000000009,28.139151400382467,4.972799999999986,5.658613135533813,Fixed Interval (N=12),volatile,1024
-561.2584000000004,96,8.333333333333332,0,224,17,7.5892857142857135,92.41071428571429,5.5,5.5,11.0,11.0,24,0.6890500000000009,27.649015007889712,4.972799999999986,5.560049671792509,Fixed Interval (N=12),volatile,1025
-627.2584000000005,96,8.333333333333332,0,238,14,5.88235294117647,94.11764705882354,5.5,5.5,11.0,11.0,24,0.6890500000000009,27.49254780515426,4.972799999999986,5.528585063777818,Fixed Interval (N=12),volatile,1026
-520.2584000000004,96,8.333333333333332,0,213,18,8.450704225352112,91.54929577464789,5.5,5.5,11.0,11.0,24,0.6890500000000009,27.696790334187096,4.972799999999986,5.569657000922453,Fixed Interval (N=12),volatile,1027
-545.2584000000005,96,8.333333333333332,0,208,13,6.25,93.75,5.5,5.5,11.0,11.0,24,0.6890500000000009,27.795097133372163,4.972799999999986,5.589425903589977,Fixed Interval (N=12),volatile,1028
-431.25840000000034,96,8.333333333333332,0,186,19,10.21505376344086,89.78494623655914,5.5,5.5,11.0,11.0,24,0.6890500000000009,27.71168561339238,4.972799999999986,5.572652351470491,Fixed Interval (N=12),volatile,1029
-473.2584000000005,96,8.333333333333332,0,184,13,7.065217391304348,92.93478260869566,5.5,5.5,11.0,11.0,24,0.6890500000000009,27.39457591596873,4.972799999999986,5.508883509485361,Fixed Interval (N=12),volatile,1030
152.42779999999993,552,47.91666666666667,0,221,119,53.84615384615385,46.15384615384615,17.09375,1.0,63.0,72.0,142,0.16169395538604553,27.68143133699346,27.77280000000019,0.9967101385885928,Battery Threshold (<20%),volatile,1001
84.29979999999979,549,47.65625,0,167,90,53.89221556886228,46.10778443113772,17.57638888888889,1.0,64.0,73.0,143,0.16799499512844512,27.90166332119789,27.622800000000197,1.0100954038402223,Battery Threshold (<20%),volatile,1002
33.06820000000006,551,47.82986111111111,0,200,96,48.0,52.0,17.1640625,1.0,63.0,73.0,141,0.17722252594275958,27.785359336538054,27.72280000000019,1.002256602382799,Battery Threshold (<20%),volatile,1003
-2.3388000000000346,554,48.09027777777778,0,214,97,45.32710280373832,54.67289719626168,17.500868055555557,1.0,64.0,73.0,146,0.15704439744758647,27.734284560450018,27.87280000000019,0.9950304440332449,Battery Threshold (<20%),volatile,1004
59.77959999999996,552,47.91666666666667,0,180,92,51.11111111111111,48.88888888888889,17.37673611111111,1.0,63.0,72.0,144,0.17002407697814695,27.736487792633937,27.77280000000019,0.9986925262355164,Battery Threshold (<20%),volatile,1005
-40.632199999999905,558,48.4375,0,237,101,42.616033755274266,57.383966244725734,16.85590277777778,1.0,62.0,72.0,145,0.15996808695540576,27.99295348527365,28.07280000000018,0.9971557338517523,Battery Threshold (<20%),volatile,1006
28.29039999999992,559,48.52430555555556,0,195,94,48.205128205128204,51.794871794871796,17.022569444444443,1.0,63.0,72.0,145,0.1563479666693644,27.861789194160647,28.122800000000176,0.9907188898033081,Battery Threshold (<20%),volatile,1007
28.107599999999962,545,47.30902777777778,0,178,87,48.87640449438202,51.12359550561798,17.530381944444443,1.0,64.0,74.0,140,0.1574875624531039,27.453597994960173,27.4228000000002,1.0011230798809738,Battery Threshold (<20%),volatile,1008
-78.07020000000007,553,48.00347222222222,0,194,80,41.23711340206185,58.76288659793815,17.38107638888889,1.0,63.0,72.0,142,0.16113073741845832,27.669630106450395,27.82280000000019,0.9944948066495898,Battery Threshold (<20%),volatile,1009
80.91959999999997,549,47.65625,0,195,100,51.28205128205128,48.71794871794872,17.446180555555557,1.0,63.450000000000045,72.0,143,0.15629493736973454,27.71507025771422,27.622800000000193,1.0033403658468376,Battery Threshold (<20%),volatile,1010
17.838799999999956,551,47.82986111111111,0,184,88,47.82608695652174,52.17391304347826,17.32378472222222,1.0,63.0,72.0,142,0.16333821642869076,27.807557320159795,27.72280000000019,1.0030573145627282,Battery Threshold (<20%),volatile,1011
60.65819999999982,541,46.96180555555556,0,205,101,49.26829268292683,50.73170731707317,17.809895833333332,1.0,64.0,73.0,138,0.15401598850457254,27.617420082585543,27.222800000000206,1.01449594026277,Battery Threshold (<20%),volatile,1012
-128.37260000000015,557,48.35069444444444,0,208,79,37.980769230769226,62.019230769230774,16.821180555555557,1.0,62.0,73.0,145,0.16420099786920425,27.681514224228426,28.02280000000018,0.9878211393660964,Battery Threshold (<20%),volatile,1013
77.13879999999993,544,47.22222222222222,0,202,102,50.495049504950494,49.504950495049506,17.62152777777778,1.0,64.0,72.0,140,0.15224549981821095,26.70161253190896,27.3728000000002,0.9754797657495311,Battery Threshold (<20%),volatile,1014
296.1985999999996,552,47.91666666666667,0,213,134,62.91079812206573,37.08920187793427,17.26736111111111,1.0,63.0,72.0,143,0.16161108143976682,27.62911480971715,27.77280000000019,0.9948264060417734,Battery Threshold (<20%),volatile,1015
-14.21080000000011,557,48.35069444444444,0,180,83,46.111111111111114,53.888888888888886,17.05121527777778,1.0,63.0,73.0,143,0.1672417983524636,27.825202481620604,28.022800000000185,0.9929486875551486,Battery Threshold (<20%),volatile,1016
-0.2434000000000509,544,47.22222222222222,0,171,81,47.368421052631575,52.631578947368425,17.522569444444443,1.0,64.0,73.0,137,0.18109760959565124,27.75747487843434,27.372800000000204,1.0140531797417194,Battery Threshold (<20%),volatile,1017
20.70919999999993,549,47.65625,0,209,98,46.889952153110045,53.110047846889955,17.50607638888889,1.0,64.0,72.0,140,0.16922076773871814,27.95650750592208,27.622800000000193,1.0120808718132082,Battery Threshold (<20%),volatile,1018
3.5379999999998897,549,47.65625,0,167,80,47.90419161676647,52.09580838323353,17.33159722222222,1.0,63.0,72.0,139,0.16530353506697174,28.074163820764877,27.622800000000193,1.0163402631436596,Battery Threshold (<20%),volatile,1019
194.3392000000002,558,48.4375,0,220,124,56.36363636363636,43.63636363636364,17.03559027777778,1.0,63.0,72.0,146,0.17109154119949002,28.030698129308075,28.072800000000182,0.9985002610821825,Battery Threshold (<20%),volatile,1020
18.72679999999999,550,47.74305555555556,0,199,94,47.23618090452261,52.76381909547739,17.09027777777778,1.0,63.0,72.0,141,0.16570988445947132,27.95178863229209,27.67280000000019,1.0100816914909911,Battery Threshold (<20%),volatile,1021
99.199,542,47.04861111111111,0,216,110,50.92592592592593,49.07407407407407,17.875,1.0,64.0,74.0,139,0.1742194689739372,27.6741675016026,27.272800000000206,1.01471676914737,Battery Threshold (<20%),volatile,1022
31.649999999999956,550,47.74305555555556,0,200,96,48.0,52.0,17.56597222222222,1.0,64.0,73.0,140,0.17271614479534914,27.43572515624647,27.672800000000194,0.9914329289499536,Battery Threshold (<20%),volatile,1023
71.56759999999987,558,48.4375,0,189,97,51.32275132275132,48.67724867724868,16.869791666666668,1.0,62.0,73.0,143,0.1700565850516712,28.139151400382467,28.07280000000018,1.002363547646914,Battery Threshold (<20%),volatile,1024
127.25900000000001,556,48.26388888888889,0,224,117,52.23214285714286,47.76785714285714,16.908854166666668,1.0,62.0,73.0,146,0.1699295133363663,27.649015007889712,27.97280000000018,0.9884250060018852,Battery Threshold (<20%),volatile,1025
55.42780000000012,552,47.91666666666667,0,238,113,47.47899159663865,52.52100840336135,17.11371527777778,1.0,63.0,74.0,145,0.16637159092459075,27.49254780515426,27.772800000000192,0.9899091126985421,Battery Threshold (<20%),volatile,1026
-108.39099999999996,542,47.04861111111111,0,213,83,38.967136150234744,61.032863849765256,17.805555555555557,1.0,64.0,73.0,141,0.1668135357670307,27.696790334187096,27.272800000000203,1.0155462707967973,Battery Threshold (<20%),volatile,1027
25.57699999999999,553,48.00347222222222,0,208,98,47.11538461538461,52.88461538461539,17.110243055555557,1.0,63.0,73.0,146,0.17477366678557396,27.795097133372163,27.822800000000193,0.9990043106147466,Battery Threshold (<20%),volatile,1028
35.097799999999935,555,48.17708333333333,0,186,91,48.924731182795696,51.075268817204304,16.99392361111111,1.0,62.450000000000045,72.0,145,0.16119897035473507,27.71168561339238,27.922800000000183,0.992439354699106,Battery Threshold (<20%),volatile,1029
56.6195999999998,546,47.39583333333333,0,184,93,50.54347826086957,49.45652173913043,17.7421875,1.0,64.0,73.0,141,0.16760296285641837,27.39457591596873,27.472800000000202,0.9971526715867522,Battery Threshold (<20%),volatile,1030
995.6407999999999,210,18.229166666666664,0,221,210,95.02262443438913,4.9773755656108705,8.1171875,6.0,25.0,37.0,50,0.3939058490829489,27.68143133699346,10.672799999999867,2.593642843208324,Entropy Threshold (>0.60),volatile,1001
773.4476000000005,161,13.975694444444445,0,167,161,96.40718562874252,3.592814371257475,14.46267361111111,9.0,55.0,85.0,19,0.3740420521340635,27.90166332119789,8.222799999999902,3.3932070974848254,Entropy Threshold (>0.60),volatile,1002
917.9898,192,16.666666666666664,0,200,192,96.0,4.0,9.60329861111111,6.0,33.450000000000045,54.0,40,0.4152278611871464,27.785359336538054,9.772799999999869,2.843131890199168,Entropy Threshold (>0.60),volatile,1003
893.3017999999998,194,16.84027777777778,0,214,194,90.65420560747664,9.34579439252336,9.571180555555555,6.0,33.0,50.0,39,0.3504364209126769,27.734284560450018,9.872799999999852,2.8091609837584506,Entropy Threshold (>0.60),volatile,1004
834.0382000000002,174,15.104166666666666,0,180,174,96.66666666666667,3.3333333333333286,14.499131944444445,8.0,59.0,93.0,29,0.27427335060131997,27.736487792633937,8.872799999999918,3.1260129601291804,Entropy Threshold (>0.60),volatile,1005
906.6058,205,17.79513888888889,0,237,205,86.49789029535864,13.502109704641356,10.827256944444445,6.0,41.0,86.0,53,0.15952090033329633,27.99295348527365,10.422799999999905,2.6857421695968364,Entropy Threshold (>0.60),volatile,1006
941.2464000000002,193,16.75347222222222,0,195,193,98.97435897435898,1.025641025641022,8.291666666666666,6.0,26.0,45.0,42,0.24883208910132992,27.861789194160647,9.82279999999986,2.836440647693228,Entropy Threshold (>0.60),volatile,1007
785.5619999999999,167,14.496527777777779,0,178,167,93.82022471910112,6.17977528089888,11.702256944444445,8.0,36.0,51.0,29,0.44700584506638963,27.453597994960173,8.52279999999989,3.221194677214123,Entropy Threshold (>0.60),volatile,1008
866.1585999999999,183,15.885416666666666,0,194,183,94.3298969072165,5.670103092783506,10.969618055555555,7.0,35.0,64.0,28,0.23118879683656177,27.669630106450395,9.322799999999885,2.9679527723914205,Entropy Threshold (>0.60),volatile,1009
870.7922000000002,184,15.972222222222221,0,195,184,94.35897435897435,5.641025641025649,9.652777777777779,6.0,30.0,55.0,34,0.5622771372831945,27.71507025771422,9.372799999999867,2.956968062661597,Entropy Threshold (>0.60),volatile,1010
816.2697999999999,173,15.01736111111111,0,184,173,94.02173913043478,5.978260869565219,9.921006944444445,7.0,29.0,46.0,36,0.4258944551203054,27.807557320159795,8.822799999999866,3.1517837104048847,Entropy Threshold (>0.60),volatile,1011
952.0160000000002,198,17.1875,0,205,198,96.58536585365853,3.41463414634147,9.077256944444445,6.0,29.0,55.0,42,0.34866508397674123,27.617420082585543,10.07279999999987,2.7417818364889506,Entropy Threshold (>0.60),volatile,1012
854.0858000000002,187,16.23263888888889,0,208,187,89.90384615384616,10.09615384615384,12.15798611111111,7.0,43.0,66.0,34,0.16220877412425133,27.681514224228426,9.522799999999865,2.9068671214589004,Entropy Threshold (>0.60),volatile,1013
902.9651999999999,191,16.57986111111111,0,202,191,94.55445544554455,5.445544554455452,10.018229166666666,6.0,36.0,63.0,41,0.38102119325942563,26.70161253190896,9.72279999999987,2.746288366716308,Entropy Threshold (>0.60),volatile,1014
1020.7692000000001,210,18.229166666666664,0,213,210,98.59154929577466,1.408450704225345,8.464409722222221,6.0,27.0,54.0,44,0.4066453964773733,27.62911480971715,10.67279999999988,2.58874098734329,Entropy Threshold (>0.60),volatile,1015
860.5088000000001,177,15.364583333333334,0,180,177,98.33333333333333,1.6666666666666714,11.683159722222221,8.0,38.0,70.0,28,0.31825889804961827,27.825202481620604,9.022799999999888,3.083876677042708,Entropy Threshold (>0.60),volatile,1016
776.2314000000005,163,14.149305555555555,0,171,163,95.32163742690058,4.67836257309942,11.4296875,8.0,35.0,55.0,26,0.4557612891049178,27.75747487843434,8.322799999999864,3.3351125676977453,Entropy Threshold (>0.60),volatile,1017
931.1752000000001,197,17.100694444444446,0,209,197,94.25837320574163,5.741626794258366,9.457465277777779,6.0,32.0,44.0,41,0.25008673393503533,27.95650750592208,10.02279999999989,2.7892911667320894,Entropy Threshold (>0.60),volatile,1018
787.9808000000004,163,14.149305555555555,0,167,163,97.60479041916167,2.3952095808383262,10.752604166666666,8.0,31.0,45.0,30,0.43441306522831236,28.074163820764877,8.322799999999873,3.373163336949741,Entropy Threshold (>0.60),volatile,1019
974.0859999999996,207,17.96875,0,220,207,94.0909090909091,5.9090909090909065,9.480902777777779,6.0,29.0,45.0,55,0.5176849516936701,28.030698129308075,10.522799999999856,2.663806033499492,Entropy Threshold (>0.60),volatile,1020
874.5136,186,16.145833333333336,0,199,186,93.46733668341709,6.532663316582912,10.416666666666666,7.0,33.0,48.0,34,0.4061165624079614,27.95178863229209,9.472799999999864,2.950741980437937,Entropy Threshold (>0.60),volatile,1021
1013.7459999999998,210,18.229166666666664,0,216,210,97.22222222222221,2.7777777777777857,10.36545138888889,6.0,36.0,64.0,38,0.20026462598161116,27.6741675016026,10.67279999999987,2.592962249981536,Entropy Threshold (>0.60),volatile,1022
847.5734000000001,183,15.885416666666666,0,200,183,91.5,8.5,9.936631944444445,7.0,31.0,42.0,31,0.3596465090818641,27.43572515624647,9.32279999999985,2.942863212366125,Entropy Threshold (>0.60),volatile,1023
896.0726,185,16.05902777777778,0,189,185,97.88359788359789,2.1164021164021136,10.813368055555555,7.0,35.0,58.0,36,0.4304597286804069,28.139151400382467,9.422799999999851,2.986283418981928,Entropy Threshold (>0.60),volatile,1024
1050.1940000000002,218,18.92361111111111,0,224,218,97.32142857142857,2.6785714285714306,9.20138888888889,6.0,31.0,54.0,50,0.10494743182040861,27.649015007889712,11.072799999999887,2.4970210793918426,Entropy Threshold (>0.60),volatile,1025
1081.5308000000005,227,19.70486111111111,0,238,227,95.37815126050421,4.621848739495789,9.374131944444445,6.0,32.0,68.0,49,0.20655663327606705,27.49254780515426,11.522799999999908,2.385925973301149,Entropy Threshold (>0.60),volatile,1026
778.4534000000001,180,15.625,0,213,180,84.50704225352112,15.49295774647888,9.330729166666666,7.0,28.0,47.0,47,0.24009398055574835,27.696790334187096,9.172799999999906,3.0194477514158575,Entropy Threshold (>0.60),volatile,1027
909.3950000000002,194,16.84027777777778,0,208,194,93.26923076923077,6.730769230769226,9.1875,6.0,30.0,58.0,41,0.4667736330248268,27.795097133372163,9.87279999999986,2.8153205912580583,Entropy Threshold (>0.60),volatile,1028
904.1836000000003,185,16.05902777777778,0,186,185,99.46236559139786,0.5376344086021447,9.411458333333334,7.0,28.450000000000045,47.0,36,0.37542374016737734,27.71168561339238,9.422799999999896,2.940918369634576,Entropy Threshold (>0.60),volatile,1029
896.3314000000003,183,15.885416666666666,0,184,183,99.45652173913044,0.5434782608695627,9.230902777777779,7.0,29.0,44.0,28,0.39832548732350187,27.39457591596873,9.322799999999846,2.938449383872783,Entropy Threshold (>0.60),volatile,1030
978.0895999999998,309,26.822916666666668,0,221,210,95.02262443438913,4.9773755656108705,7.254340277777778,5.0,23.0,37.0,97,0.16646200728906937,27.68143133699346,15.622799999999932,1.771861083608161,Battery+Entropy Heuristic,volatile,1001
760.8124000000001,246,21.354166666666664,0,167,161,96.40718562874252,3.592814371257475,13.530381944444445,7.0,55.0,85.0,67,0.20552705416934045,27.90166332119789,12.472799999999925,2.2370007793918014,Battery+Entropy Heuristic,volatile,1002
902.3071999999997,290,25.17361111111111,0,200,192,96.0,4.0,8.659722222222221,5.0,33.0,54.0,80,0.21979671619790841,27.785359336538054,14.672799999999926,1.8936644223691588,Battery+Entropy Heuristic,volatile,1003
842.3257999999996,270,23.4375,0,214,189,88.3177570093458,11.682242990654203,8.606770833333334,5.0,31.0,47.0,68,0.22451602664253018,27.734284560450018,13.672799999999906,2.0284275759500767,Battery+Entropy Heuristic,volatile,1004
759.4103999999999,242,21.006944444444446,0,180,166,92.22222222222223,7.7777777777777715,14.66232638888889,7.0,59.0,93.0,61,0.15514012938054392,27.736487792633937,12.272799999999913,2.259996723863677,Battery+Entropy Heuristic,volatile,1005
851.8512000000002,287,24.913194444444446,0,237,200,84.38818565400844,15.611814345991561,10.200520833333334,5.0,42.0,86.0,88,0.050197706054619276,27.99295348527365,14.522799999999926,1.9275176608693774,Battery+Entropy Heuristic,volatile,1006
904.4192000000002,282,24.479166666666664,0,195,190,97.43589743589743,2.564102564102569,7.327256944444445,5.0,25.450000000000045,45.0,73,0.10450112702630363,27.861789194160647,14.272799999999911,1.9520899328905905,Battery+Entropy Heuristic,volatile,1007
749.0576000000001,250,21.70138888888889,0,178,164,92.13483146067416,7.865168539325836,10.638020833333334,7.0,34.450000000000045,51.0,66,0.2851244245055055,27.453597994960173,12.672799999999903,2.166340350590271,Battery+Entropy Heuristic,volatile,1008
799.1665999999999,257,22.30902777777778,0,194,176,90.72164948453609,9.278350515463913,10.53298611111111,6.0,35.0,64.0,61,0.13963652934149548,27.669630106450395,13.022799999999906,2.1247066764789904,Battery+Entropy Heuristic,volatile,1009
856.2635999999993,279,24.21875,0,195,184,94.35897435897435,5.641025641025649,8.691840277777779,5.0,29.0,55.0,74,0.37670874117505315,27.71507025771422,14.122799999999918,1.9624345213211531,Battery+Entropy Heuristic,volatile,1010
805.4166000000004,255,22.135416666666664,0,184,173,94.02173913043478,5.978260869565219,8.84982638888889,6.0,27.450000000000045,42.0,68,0.24650261333024884,27.807557320159795,12.922799999999894,2.151821379280034,Battery+Entropy Heuristic,volatile,1011
922.3578000000003,283,24.56597222222222,0,205,196,95.60975609756098,4.390243902439025,8.239583333333334,5.0,27.450000000000045,52.0,81,0.19591374063861408,27.617420082585543,14.32279999999992,1.9282137628526335,Battery+Entropy Heuristic,volatile,1012
780.0636,255,22.135416666666664,0,208,179,86.0576923076923,13.942307692307693,11.391493055555555,6.0,41.0,66.0,64,0.07490788356637533,27.681514224228426,12.922799999999901,2.1420678354713094,Battery+Entropy Heuristic,volatile,1013
886.2140000000002,298,25.868055555555557,0,202,191,94.55445544554455,5.445544554455452,9.155381944444445,5.0,35.0,63.0,93,0.18668853925476248,26.70161253190896,15.072799999999935,1.7715097746874553,Battery+Entropy Heuristic,volatile,1014
990.7512000000002,326,28.29861111111111,0,213,209,98.12206572769952,1.8779342723004788,7.675347222222222,5.0,25.450000000000045,54.0,93,0.19531945158015768,27.62911480971715,16.472800000000092,1.6772567389707274,Battery+Entropy Heuristic,volatile,1015
803.9108,249,21.614583333333336,0,180,171,95.0,5.0,10.82204861111111,7.0,36.0,70.0,57,0.18624364971701307,27.825202481620604,12.622799999999911,2.204360560384447,Battery+Entropy Heuristic,volatile,1016
767.0748,235,20.399305555555554,0,171,163,95.32163742690058,4.67836257309942,10.37326388888889,7.0,34.0,55.0,59,0.28330729125716714,27.75747487843434,11.922799999999896,2.32810035213495,Battery+Entropy Heuristic,volatile,1017
884.4158000000003,280,24.305555555555554,0,209,193,92.34449760765551,7.655502392344488,8.645833333333334,5.0,31.0,42.0,77,0.07560256734231995,27.95650750592208,14.172799999999926,1.9725465332130718,Battery+Entropy Heuristic,volatile,1018
773.0536000000002,247,21.44097222222222,0,167,163,97.60479041916167,2.3952095808383262,9.56857638888889,6.0,30.0,43.0,60,0.2267981836269781,28.074163820764877,12.522799999999904,2.2418439822376057,Battery+Entropy Heuristic,volatile,1019
940.3748,305,26.475694444444443,0,220,205,93.18181818181817,6.818181818181827,8.661458333333334,5.0,28.450000000000045,41.0,92,0.32030159935610103,28.030698129308075,15.42279999999993,1.817484382168491,Battery+Entropy Heuristic,volatile,1020
863.8562,263,22.82986111111111,0,199,186,93.46733668341709,6.532663316582912,9.580729166666666,6.0,31.0,45.0,58,0.2694150886395456,27.95178863229209,13.322799999999907,2.0980416002861473,Battery+Entropy Heuristic,volatile,1021
970.83,288,25.0,0,216,206,95.37037037037037,4.629629629629633,9.53732638888889,5.0,34.0,61.0,83,0.11926323104332961,27.6741675016026,14.572799999999921,1.8990288415131444,Battery+Entropy Heuristic,volatile,1022
836.6277999999998,258,22.395833333333336,0,200,183,91.5,8.5,9.049479166666666,6.0,30.0,39.0,69,0.16086498378726927,27.43572515624647,13.072799999999901,2.0986877452608987,Battery+Entropy Heuristic,volatile,1023
878.8507999999998,274,23.78472222222222,0,189,184,97.35449735449735,2.6455026455026456,9.823784722222221,6.0,33.0,58.0,85,0.2664395217425451,28.139151400382467,13.872799999999915,2.0283685629708956,Battery+Entropy Heuristic,volatile,1024
945.0066000000002,306,26.5625,0,224,207,92.41071428571429,7.589285714285708,9.194444444444445,5.0,32.0,54.0,87,0.05742225955007697,27.649015007889712,15.472799999999928,1.7869432169930355,Battery+Entropy Heuristic,volatile,1025
1018.4964,311,26.99652777777778,0,238,221,92.85714285714286,7.142857142857139,8.675347222222221,5.0,32.0,68.0,90,0.11659882870876069,27.49254780515426,15.722799999999934,1.7485783578722858,Battery+Entropy Heuristic,volatile,1026
719.4218000000004,261,22.65625,0,213,174,81.69014084507043,18.30985915492957,8.395833333333334,6.0,27.0,47.0,75,0.12130565100774104,27.696790334187096,13.222799999999918,2.0946237055833308,Battery+Entropy Heuristic,volatile,1027
896.2004000000002,282,24.479166666666664,0,208,194,93.26923076923077,6.730769230769226,8.277777777777779,5.0,28.0,55.0,80,0.2835352425485044,27.795097133372163,14.27279999999992,1.9474172645432093,Battery+Entropy Heuristic,volatile,1028
881.7918000000001,273,23.697916666666664,0,186,184,98.9247311827957,1.0752688172043037,8.5078125,6.0,27.0,43.0,68,0.2392450331635961,27.71168561339238,13.822799999999912,2.004780913663842,Battery+Entropy Heuristic,volatile,1029
884.3134000000002,264,22.916666666666664,0,184,183,99.45652173913044,0.5434782608695627,8.223958333333334,5.0,27.450000000000045,44.0,57,0.24832548732350157,27.39457591596873,13.372799999999899,2.0485295462407977,Battery+Entropy Heuristic,volatile,1030
995.6407999999999,210,18.229166666666664,0,221,210,95.02262443438913,4.9773755656108705,8.1171875,6.0,25.0,37.0,50,0.3939058490829489,27.68143133699346,10.672799999999867,2.593642843208324,Greedy Myopic Heuristic,volatile,1001
773.4476000000005,161,13.975694444444445,0,167,161,96.40718562874252,3.592814371257475,14.46267361111111,9.0,55.0,85.0,19,0.3740420521340635,27.90166332119789,8.222799999999902,3.3932070974848254,Greedy Myopic Heuristic,volatile,1002
917.9898,192,16.666666666666664,0,200,192,96.0,4.0,9.60329861111111,6.0,33.450000000000045,54.0,40,0.4152278611871464,27.785359336538054,9.772799999999869,2.843131890199168,Greedy Myopic Heuristic,volatile,1003
893.3017999999998,194,16.84027777777778,0,214,194,90.65420560747664,9.34579439252336,9.571180555555555,6.0,33.0,50.0,39,0.3504364209126769,27.734284560450018,9.872799999999852,2.8091609837584506,Greedy Myopic Heuristic,volatile,1004
834.0382000000002,174,15.104166666666666,0,180,174,96.66666666666667,3.3333333333333286,14.499131944444445,8.0,59.0,93.0,29,0.27427335060131997,27.736487792633937,8.872799999999918,3.1260129601291804,Greedy Myopic Heuristic,volatile,1005
906.6058,205,17.79513888888889,0,237,205,86.49789029535864,13.502109704641356,10.827256944444445,6.0,41.0,86.0,53,0.15952090033329633,27.99295348527365,10.422799999999905,2.6857421695968364,Greedy Myopic Heuristic,volatile,1006
941.2464000000002,193,16.75347222222222,0,195,193,98.97435897435898,1.025641025641022,8.291666666666666,6.0,26.0,45.0,42,0.24883208910132992,27.861789194160647,9.82279999999986,2.836440647693228,Greedy Myopic Heuristic,volatile,1007
785.5619999999999,167,14.496527777777779,0,178,167,93.82022471910112,6.17977528089888,11.702256944444445,8.0,36.0,51.0,29,0.44700584506638963,27.453597994960173,8.52279999999989,3.221194677214123,Greedy Myopic Heuristic,volatile,1008
866.1585999999999,183,15.885416666666666,0,194,183,94.3298969072165,5.670103092783506,10.969618055555555,7.0,35.0,64.0,28,0.23118879683656177,27.669630106450395,9.322799999999885,2.9679527723914205,Greedy Myopic Heuristic,volatile,1009
870.7922000000002,184,15.972222222222221,0,195,184,94.35897435897435,5.641025641025649,9.652777777777779,6.0,30.0,55.0,34,0.5622771372831945,27.71507025771422,9.372799999999867,2.956968062661597,Greedy Myopic Heuristic,volatile,1010
816.2697999999999,173,15.01736111111111,0,184,173,94.02173913043478,5.978260869565219,9.921006944444445,7.0,29.0,46.0,36,0.4258944551203054,27.807557320159795,8.822799999999866,3.1517837104048847,Greedy Myopic Heuristic,volatile,1011
952.0160000000002,198,17.1875,0,205,198,96.58536585365853,3.41463414634147,9.077256944444445,6.0,29.0,55.0,42,0.34866508397674123,27.617420082585543,10.07279999999987,2.7417818364889506,Greedy Myopic Heuristic,volatile,1012
854.0858000000002,187,16.23263888888889,0,208,187,89.90384615384616,10.09615384615384,12.15798611111111,7.0,43.0,66.0,34,0.16220877412425133,27.681514224228426,9.522799999999865,2.9068671214589004,Greedy Myopic Heuristic,volatile,1013
902.9651999999999,191,16.57986111111111,0,202,191,94.55445544554455,5.445544554455452,10.018229166666666,6.0,36.0,63.0,41,0.38102119325942563,26.70161253190896,9.72279999999987,2.746288366716308,Greedy Myopic Heuristic,volatile,1014
1020.7692000000001,210,18.229166666666664,0,213,210,98.59154929577466,1.408450704225345,8.464409722222221,6.0,27.0,54.0,44,0.4066453964773733,27.62911480971715,10.67279999999988,2.58874098734329,Greedy Myopic Heuristic,volatile,1015
860.5088000000001,177,15.364583333333334,0,180,177,98.33333333333333,1.6666666666666714,11.683159722222221,8.0,38.0,70.0,28,0.31825889804961827,27.825202481620604,9.022799999999888,3.083876677042708,Greedy Myopic Heuristic,volatile,1016
776.2314000000005,163,14.149305555555555,0,171,163,95.32163742690058,4.67836257309942,11.4296875,8.0,35.0,55.0,26,0.4557612891049178,27.75747487843434,8.322799999999864,3.3351125676977453,Greedy Myopic Heuristic,volatile,1017
931.1752000000001,197,17.100694444444446,0,209,197,94.25837320574163,5.741626794258366,9.457465277777779,6.0,32.0,44.0,41,0.25008673393503533,27.95650750592208,10.02279999999989,2.7892911667320894,Greedy Myopic Heuristic,volatile,1018
787.9808000000004,163,14.149305555555555,0,167,163,97.60479041916167,2.3952095808383262,10.752604166666666,8.0,31.0,45.0,30,0.43441306522831236,28.074163820764877,8.322799999999873,3.373163336949741,Greedy Myopic Heuristic,volatile,1019
974.0859999999996,207,17.96875,0,220,207,94.0909090909091,5.9090909090909065,9.480902777777779,6.0,29.0,45.0,55,0.5176849516936701,28.030698129308075,10.522799999999856,2.663806033499492,Greedy Myopic Heuristic,volatile,1020
874.5136,186,16.145833333333336,0,199,186,93.46733668341709,6.532663316582912,10.416666666666666,7.0,33.0,48.0,34,0.4061165624079614,27.95178863229209,9.472799999999864,2.950741980437937,Greedy Myopic Heuristic,volatile,1021
1013.7459999999998,210,18.229166666666664,0,216,210,97.22222222222221,2.7777777777777857,10.36545138888889,6.0,36.0,64.0,38,0.20026462598161116,27.6741675016026,10.67279999999987,2.592962249981536,Greedy Myopic Heuristic,volatile,1022
847.5734000000001,183,15.885416666666666,0,200,183,91.5,8.5,9.936631944444445,7.0,31.0,42.0,31,0.3596465090818641,27.43572515624647,9.32279999999985,2.942863212366125,Greedy Myopic Heuristic,volatile,1023
896.0726,185,16.05902777777778,0,189,185,97.88359788359789,2.1164021164021136,10.813368055555555,7.0,35.0,58.0,36,0.4304597286804069,28.139151400382467,9.422799999999851,2.986283418981928,Greedy Myopic Heuristic,volatile,1024
1050.1940000000002,218,18.92361111111111,0,224,218,97.32142857142857,2.6785714285714306,9.20138888888889,6.0,31.0,54.0,50,0.10494743182040861,27.649015007889712,11.072799999999887,2.4970210793918426,Greedy Myopic Heuristic,volatile,1025
1081.5308000000005,227,19.70486111111111,0,238,227,95.37815126050421,4.621848739495789,9.374131944444445,6.0,32.0,68.0,49,0.20655663327606705,27.49254780515426,11.522799999999908,2.385925973301149,Greedy Myopic Heuristic,volatile,1026
778.4534000000001,180,15.625,0,213,180,84.50704225352112,15.49295774647888,9.330729166666666,7.0,28.0,47.0,47,0.24009398055574835,27.696790334187096,9.172799999999906,3.0194477514158575,Greedy Myopic Heuristic,volatile,1027
909.3950000000002,194,16.84027777777778,0,208,194,93.26923076923077,6.730769230769226,9.1875,6.0,30.0,58.0,41,0.4667736330248268,27.795097133372163,9.87279999999986,2.8153205912580583,Greedy Myopic Heuristic,volatile,1028
904.1836000000003,185,16.05902777777778,0,186,185,99.46236559139786,0.5376344086021447,9.411458333333334,7.0,28.450000000000045,47.0,36,0.37542374016737734,27.71168561339238,9.422799999999896,2.940918369634576,Greedy Myopic Heuristic,volatile,1029
896.3314000000003,183,15.885416666666666,0,184,183,99.45652173913044,0.5434782608695627,9.230902777777779,7.0,29.0,44.0,28,0.39832548732350187,27.39457591596873,9.322799999999846,2.938449383872783,Greedy Myopic Heuristic,volatile,1030
-673.4999999999984,0,0.0,0,221,0,0.0,100.0,144.5,144.5,274.0,288.0,0,0.9890500000000012,27.68143133699346,0.17280000000000206,160.1934683853769,Trained QMIX (MARL),volatile,1001
-511.5000000000024,0,0.0,0,167,0,0.0,100.0,144.5,144.5,274.0,288.0,0,0.9890500000000012,27.90166332119789,0.17280000000000206,161.4679590347081,Trained QMIX (MARL),volatile,1002
-610.5000000000005,0,0.0,0,200,0,0.0,100.0,144.5,144.5,274.0,288.0,0,0.9890500000000012,27.785359336538054,0.17280000000000206,160.79490356792664,Trained QMIX (MARL),volatile,1003
-652.5000000000001,0,0.0,0,214,0,0.0,100.0,144.5,144.5,274.0,288.0,0,0.9890500000000012,27.734284560450018,0.17280000000000206,160.49933194704678,Trained QMIX (MARL),volatile,1004
-550.5000000000008,0,0.0,0,180,0,0.0,100.0,144.5,144.5,274.0,288.0,0,0.9890500000000012,27.736487792633937,0.17280000000000206,160.51208213329633,Trained QMIX (MARL),volatile,1005
-721.4999999999994,0,0.0,0,237,0,0.0,100.0,144.5,144.5,274.0,288.0,0,0.9890500000000012,27.99295348527365,0.17280000000000206,161.99625859533168,Trained QMIX (MARL),volatile,1006
-595.5000000000011,0,0.0,0,195,0,0.0,100.0,144.5,144.5,274.0,288.0,0,0.9890500000000012,27.861789194160647,0.17280000000000206,161.23720598472403,Trained QMIX (MARL),volatile,1007
-544.5000000000016,0,0.0,0,178,0,0.0,100.0,144.5,144.5,274.0,288.0,0,0.9890500000000012,27.453597994960173,0.17280000000000206,158.87498839675837,Trained QMIX (MARL),volatile,1008
-592.5000000000005,0,0.0,0,194,0,0.0,100.0,144.5,144.5,274.0,288.0,0,0.9890500000000012,27.669630106450395,0.17280000000000206,160.12517422714157,Trained QMIX (MARL),volatile,1009
-595.4999999999994,0,0.0,0,195,0,0.0,100.0,144.5,144.5,274.0,288.0,0,0.9890500000000012,27.71507025771422,0.17280000000000206,160.3881380654739,Trained QMIX (MARL),volatile,1010
-562.5000000000017,0,0.0,0,184,0,0.0,100.0,144.5,144.5,274.0,288.0,0,0.9890500000000012,27.807557320159795,0.17280000000000206,160.9233641212932,Trained QMIX (MARL),volatile,1011
-625.5000000000001,0,0.0,0,205,0,0.0,100.0,144.5,144.5,274.0,288.0,0,0.9890500000000012,27.617420082585543,0.17280000000000206,159.8230328853311,Trained QMIX (MARL),volatile,1012
-634.500000000001,0,0.0,0,208,0,0.0,100.0,144.5,144.5,274.0,288.0,0,0.9890500000000012,27.681514224228426,0.17280000000000206,160.19394805687554,Trained QMIX (MARL),volatile,1013
-616.4999999999995,0,0.0,0,202,0,0.0,100.0,144.5,144.5,274.0,288.0,0,0.9890500000000012,26.70161253190896,0.17280000000000206,154.5232206707676,Trained QMIX (MARL),volatile,1014
-649.499999999999,0,0.0,0,213,0,0.0,100.0,144.5,144.5,274.0,288.0,0,0.9890500000000012,27.62911480971715,0.17280000000000206,159.89071070437976,Trained QMIX (MARL),volatile,1015
-550.5000000000015,0,0.0,0,180,0,0.0,100.0,144.5,144.5,274.0,288.0,0,0.9890500000000012,27.825202481620604,0.17280000000000206,161.0254773241914,Trained QMIX (MARL),volatile,1016
-523.5000000000024,0,0.0,0,171,0,0.0,100.0,144.5,144.5,274.0,288.0,0,0.9890500000000012,27.75747487843434,0.17280000000000206,160.63353517612273,Trained QMIX (MARL),volatile,1017
-637.4999999999995,0,0.0,0,209,0,0.0,100.0,144.5,144.5,274.0,288.0,0,0.9890500000000012,27.95650750592208,0.17280000000000206,161.78534436297306,Trained QMIX (MARL),volatile,1018
-511.5000000000027,0,0.0,0,167,0,0.0,100.0,144.5,144.5,274.0,288.0,0,0.9890500000000012,28.074163820764877,0.17280000000000206,162.46622581460963,Trained QMIX (MARL),volatile,1019
-670.4999999999981,0,0.0,0,220,0,0.0,100.0,144.5,144.5,274.0,288.0,0,0.9890500000000012,28.030698129308075,0.17280000000000206,162.21468824830868,Trained QMIX (MARL),volatile,1020
-607.5000000000002,0,0.0,0,199,0,0.0,100.0,144.5,144.5,274.0,288.0,0,0.9890500000000012,27.95178863229209,0.17280000000000206,161.75803606650322,Trained QMIX (MARL),volatile,1021
-658.5000000000002,0,0.0,0,216,0,0.0,100.0,144.5,144.5,274.0,288.0,0,0.9890500000000012,27.6741675016026,0.17280000000000206,160.15143230093906,Trained QMIX (MARL),volatile,1022
-610.5,0,0.0,0,200,0,0.0,100.0,144.5,144.5,274.0,288.0,0,0.9890500000000012,27.43572515624647,0.17280000000000206,158.77155761716517,Trained QMIX (MARL),volatile,1023
-577.5000000000005,0,0.0,0,189,0,0.0,100.0,144.5,144.5,274.0,288.0,0,0.9890500000000012,28.139151400382467,0.17280000000000206,162.842311344804,Trained QMIX (MARL),volatile,1024
-682.4999999999998,0,0.0,0,224,0,0.0,100.0,144.5,144.5,274.0,288.0,0,0.9890500000000012,27.649015007889712,0.17280000000000206,160.00587388824874,Trained QMIX (MARL),volatile,1025
-724.4999999999983,0,0.0,0,238,0,0.0,100.0,144.5,144.5,274.0,288.0,0,0.9890500000000012,27.49254780515426,0.17280000000000206,159.10039239093712,Trained QMIX (MARL),volatile,1026
-649.5000000000013,0,0.0,0,213,0,0.0,100.0,144.5,144.5,274.0,288.0,0,0.9890500000000012,27.696790334187096,0.17280000000000206,160.28235147098823,Trained QMIX (MARL),volatile,1027
-634.4999999999997,0,0.0,0,208,0,0.0,100.0,144.5,144.5,274.0,288.0,0,0.9890500000000012,27.795097133372163,0.17280000000000206,160.85125655886478,Trained QMIX (MARL),volatile,1028
-568.5000000000007,0,0.0,0,186,0,0.0,100.0,144.5,144.5,274.0,288.0,0,0.9890500000000012,27.71168561339238,0.17280000000000206,160.3685510034262,Trained QMIX (MARL),volatile,1029
-562.5000000000018,0,0.0,0,184,0,0.0,100.0,144.5,144.5,274.0,288.0,0,0.9890500000000012,27.39457591596873,0.17280000000000206,158.53342543963197,Trained QMIX (MARL),volatile,1030
-641.1401999999991,4,0.3472222222222222,0,221,4,1.809954751131222,98.19004524886878,128.1484375,124.0,269.0,288.0,0,0.9890500000000012,27.68143133699346,0.37279999999998825,74.25276646189467,Trained VDN (MARL),volatile,1001
-479.13560000000194,4,0.3472222222222222,0,167,4,2.3952095808383236,97.60479041916167,129.25,126.0,269.0,288.0,0,0.9890500000000012,27.90166332119789,0.3727999999999882,74.84351749248599,Trained VDN (MARL),volatile,1002
-610.5000000000005,0,0.0,0,200,0,0.0,100.0,144.5,144.5,274.0,288.0,0,0.9890500000000012,27.785359336538054,0.17280000000000206,160.79490356792664,Trained VDN (MARL),volatile,1003
-652.5000000000001,0,0.0,0,214,0,0.0,100.0,144.5,144.5,274.0,288.0,0,0.9890500000000012,27.734284560450018,0.17280000000000206,160.49933194704678,Trained VDN (MARL),volatile,1004
-486.4786000000014,8,0.6944444444444444,0,180,8,4.444444444444445,95.55555555555556,127.47395833333333,124.0,268.0,288.0,1,0.9890500000000012,27.736487792633937,0.5727999999999882,48.42263930278371,Trained VDN (MARL),volatile,1005
-721.4999999999994,0,0.0,0,237,0,0.0,100.0,144.5,144.5,274.0,288.0,0,0.9890500000000012,27.99295348527365,0.17280000000000206,161.99625859533168,Trained VDN (MARL),volatile,1006
-595.5000000000011,0,0.0,0,195,0,0.0,100.0,144.5,144.5,274.0,288.0,0,0.9890500000000012,27.861789194160647,0.17280000000000206,161.23720598472403,Trained VDN (MARL),volatile,1007
-455.7346000000019,11,0.9548611111111112,0,178,11,6.179775280898876,93.82022471910112,109.20833333333333,101.0,259.45000000000005,288.0,0,0.9890500000000012,27.453597994960173,0.7227999999999843,37.98228831621578,Trained VDN (MARL),volatile,1008
-504.36760000000197,11,0.9548611111111112,0,194,11,5.670103092783505,94.3298969072165,126.81163194444444,123.0,269.0,288.0,0,0.9890500000000012,27.669630106450395,0.7227999999999876,38.28117059553247,Trained VDN (MARL),volatile,1009
-491.1214000000027,13,1.128472222222222,0,195,13,6.666666666666667,93.33333333333333,117.32291666666667,111.5,259.45000000000005,288.0,0,0.9890500000000012,27.71507025771422,0.8227999999999849,33.683848149872055,Trained VDN (MARL),volatile,1010
-529.8100000000029,4,0.3472222222222222,0,184,4,2.1739130434782608,97.82608695652173,112.29861111111111,103.0,259.45000000000005,288.0,1,0.9890500000000012,27.807557320159795,0.3727999999999873,74.59108723219083,Trained VDN (MARL),volatile,1011
-489.4190000000019,17,1.4756944444444444,0,205,17,8.292682926829269,91.70731707317073,117.59201388888889,112.5,259.45000000000005,288.0,1,0.9890500000000012,27.617420082585543,1.0228000000000013,27.001779509762915,Trained VDN (MARL),volatile,1012
-538.5492000000025,12,1.0416666666666665,0,208,12,5.769230769230769,94.23076923076923,131.09548611111111,129.0,269.0,288.0,0,0.9890500000000012,27.681514224228426,0.7727999999999837,35.81976478290503,Trained VDN (MARL),volatile,1013
-503.9536000000024,14,1.215277777777778,0,202,14,6.9306930693069315,93.06930693069307,111.38541666666667,104.0,259.45000000000005,288.0,0,0.9890500000000012,26.70161253190896,0.8727999999999836,30.593048272123582,Trained VDN (MARL),volatile,1014
-576.9807999999998,9,0.78125,0,213,9,4.225352112676056,95.77464788732394,118.75,114.0,259.45000000000005,288.0,0,0.9890500000000012,27.62911480971715,0.6227999999999853,44.362740542257235,Trained VDN (MARL),volatile,1015
-534.306200000002,2,0.1736111111111111,0,180,2,1.1111111111111112,98.88888888888889,132.37847222222223,129.5,269.0,288.0,0,0.9890500000000012,27.825202481620604,0.2728000000000054,101.99854282118787,Trained VDN (MARL),volatile,1016
-491.04740000000265,4,0.3472222222222222,0,171,4,2.3391812865497075,97.6608187134503,127.47395833333333,124.0,269.0,288.0,0,0.9890500000000012,27.75747487843434,0.37279999999998803,74.45674591854944,Trained VDN (MARL),volatile,1017
-637.4999999999995,0,0.0,0,209,0,0.0,100.0,144.5,144.5,274.0,288.0,0,0.9890500000000012,27.95650750592208,0.17280000000000206,161.78534436297306,Trained VDN (MARL),volatile,1018
-407.10320000000127,13,1.128472222222222,0,167,13,7.784431137724551,92.21556886227545,114.00520833333333,107.0,259.45000000000005,288.0,0,0.9890500000000012,28.074163820764877,0.8227999999999867,34.12027688474153,Trained VDN (MARL),volatile,1019
-534.5288000000008,17,1.4756944444444444,0,220,17,7.727272727272727,92.27272727272728,124.57291666666667,119.5,269.0,288.0,0,0.9890500000000012,28.030698129308075,1.0228000000000022,27.405844866355118,Trained VDN (MARL),volatile,1020
-559.1056000000013,6,0.5208333333333333,0,199,6,3.015075376884422,96.98492462311557,125.45659722222223,123.0,259.45000000000005,288.0,0,0.9890500000000012,27.95178863229209,0.47279999999998557,59.119688308572215,Trained VDN (MARL),volatile,1021
-562.2144000000012,13,1.128472222222222,0,216,12,5.555555555555555,94.44444444444444,112.70399305555556,103.5,259.45000000000005,288.0,0,0.9890500000000012,27.6741675016026,0.8227999999999848,33.63413648712094,Trained VDN (MARL),volatile,1022
-530.2796000000023,10,0.8680555555555556,0,200,10,5.0,95.0,115.56597222222223,109.0,259.45000000000005,288.0,1,0.9890500000000012,27.43572515624647,0.6727999999999852,40.77842621320909,Trained VDN (MARL),volatile,1023
-561.2172000000021,2,0.1736111111111111,0,189,2,1.0582010582010581,98.94179894179894,131.67100694444446,129.0,269.0,288.0,0,0.9890500000000012,28.139151400382467,0.2728000000000059,103.14938196620915,Trained VDN (MARL),volatile,1024
-674.2949999999997,1,0.08680555555555555,0,224,1,0.4464285714285714,99.55357142857143,132.28298611111111,129.0,269.0,288.0,0,0.9890500000000012,27.649015007889712,0.2228000000000067,124.0979129617993,Trained VDN (MARL),volatile,1025
-572.5554000000009,19,1.6493055555555556,0,238,19,7.9831932773109235,92.01680672268908,124.015625,119.0,269.0,288.0,0,0.9890500000000012,27.49254780515426,1.1228000000000664,24.485703424610467,Trained VDN (MARL),volatile,1026
-427.210800000001,33,2.864583333333333,0,213,28,13.145539906103288,86.8544600938967,107.33159722222223,99.0,259.45000000000005,288.0,8,0.9890500000000012,27.696790334187096,1.82280000000008,15.19464029744672,Trained VDN (MARL),volatile,1027
-498.1280000000024,17,1.4756944444444444,0,208,17,8.173076923076923,91.82692307692308,110.5234375,102.0,259.45000000000005,288.0,0,0.9890500000000012,27.795097133372163,1.0228000000000017,27.17549582848271,Trained VDN (MARL),volatile,1028
-480.28160000000196,11,0.9548611111111112,0,186,11,5.913978494623656,94.08602150537635,125.5390625,121.0,269.0,288.0,0,0.9890500000000012,27.71168561339238,0.7227999999999841,38.33935475012865,Trained VDN (MARL),volatile,1029
-489.9576000000027,9,0.78125,0,184,9,4.891304347826087,95.1086956521739,115.10243055555556,108.5,259.45000000000005,288.0,0,0.9890500000000012,27.39457591596873,0.6227999999999869,43.98615272313633,Trained VDN (MARL),volatile,1030
-673.4999999999984,0,0.0,0,221,0,0.0,100.0,144.5,144.5,274.0,288.0,0,0.9890500000000012,27.68143133699346,0.17280000000000206,160.1934683853769,Trained IQL (MARL),volatile,1001
-511.5000000000024,0,0.0,0,167,0,0.0,100.0,144.5,144.5,274.0,288.0,0,0.9890500000000012,27.90166332119789,0.17280000000000206,161.4679590347081,Trained IQL (MARL),volatile,1002
-610.5000000000005,0,0.0,0,200,0,0.0,100.0,144.5,144.5,274.0,288.0,0,0.9890500000000012,27.785359336538054,0.17280000000000206,160.79490356792664,Trained IQL (MARL),volatile,1003
-652.5000000000001,0,0.0,0,214,0,0.0,100.0,144.5,144.5,274.0,288.0,0,0.9890500000000012,27.734284560450018,0.17280000000000206,160.49933194704678,Trained IQL (MARL),volatile,1004
-550.5000000000008,0,0.0,0,180,0,0.0,100.0,144.5,144.5,274.0,288.0,0,0.9890500000000012,27.736487792633937,0.17280000000000206,160.51208213329633,Trained IQL (MARL),volatile,1005
-721.4999999999994,0,0.0,0,237,0,0.0,100.0,144.5,144.5,274.0,288.0,0,0.9890500000000012,27.99295348527365,0.17280000000000206,161.99625859533168,Trained IQL (MARL),volatile,1006
-595.5000000000011,0,0.0,0,195,0,0.0,100.0,144.5,144.5,274.0,288.0,0,0.9890500000000012,27.861789194160647,0.17280000000000206,161.23720598472403,Trained IQL (MARL),volatile,1007
-544.5000000000016,0,0.0,0,178,0,0.0,100.0,144.5,144.5,274.0,288.0,0,0.9890500000000012,27.453597994960173,0.17280000000000206,158.87498839675837,Trained IQL (MARL),volatile,1008
-592.5000000000005,0,0.0,0,194,0,0.0,100.0,144.5,144.5,274.0,288.0,0,0.9890500000000012,27.669630106450395,0.17280000000000206,160.12517422714157,Trained IQL (MARL),volatile,1009
-595.4999999999994,0,0.0,0,195,0,0.0,100.0,144.5,144.5,274.0,288.0,0,0.9890500000000012,27.71507025771422,0.17280000000000206,160.3881380654739,Trained IQL (MARL),volatile,1010
-562.5000000000017,0,0.0,0,184,0,0.0,100.0,144.5,144.5,274.0,288.0,0,0.9890500000000012,27.807557320159795,0.17280000000000206,160.9233641212932,Trained IQL (MARL),volatile,1011
-625.5000000000001,0,0.0,0,205,0,0.0,100.0,144.5,144.5,274.0,288.0,0,0.9890500000000012,27.617420082585543,0.17280000000000206,159.8230328853311,Trained IQL (MARL),volatile,1012
-634.500000000001,0,0.0,0,208,0,0.0,100.0,144.5,144.5,274.0,288.0,0,0.9890500000000012,27.681514224228426,0.17280000000000206,160.19394805687554,Trained IQL (MARL),volatile,1013
-616.4999999999995,0,0.0,0,202,0,0.0,100.0,144.5,144.5,274.0,288.0,0,0.9890500000000012,26.70161253190896,0.17280000000000206,154.5232206707676,Trained IQL (MARL),volatile,1014
-649.499999999999,0,0.0,0,213,0,0.0,100.0,144.5,144.5,274.0,288.0,0,0.9890500000000012,27.62911480971715,0.17280000000000206,159.89071070437976,Trained IQL (MARL),volatile,1015
-550.5000000000015,0,0.0,0,180,0,0.0,100.0,144.5,144.5,274.0,288.0,0,0.9890500000000012,27.825202481620604,0.17280000000000206,161.0254773241914,Trained IQL (MARL),volatile,1016
-523.5000000000024,0,0.0,0,171,0,0.0,100.0,144.5,144.5,274.0,288.0,0,0.9890500000000012,27.75747487843434,0.17280000000000206,160.63353517612273,Trained IQL (MARL),volatile,1017
-637.4999999999995,0,0.0,0,209,0,0.0,100.0,144.5,144.5,274.0,288.0,0,0.9890500000000012,27.95650750592208,0.17280000000000206,161.78534436297306,Trained IQL (MARL),volatile,1018
-511.5000000000027,0,0.0,0,167,0,0.0,100.0,144.5,144.5,274.0,288.0,0,0.9890500000000012,28.074163820764877,0.17280000000000206,162.46622581460963,Trained IQL (MARL),volatile,1019
-670.4999999999981,0,0.0,0,220,0,0.0,100.0,144.5,144.5,274.0,288.0,0,0.9890500000000012,28.030698129308075,0.17280000000000206,162.21468824830868,Trained IQL (MARL),volatile,1020
-607.5000000000002,0,0.0,0,199,0,0.0,100.0,144.5,144.5,274.0,288.0,0,0.9890500000000012,27.95178863229209,0.17280000000000206,161.75803606650322,Trained IQL (MARL),volatile,1021
-658.5000000000002,0,0.0,0,216,0,0.0,100.0,144.5,144.5,274.0,288.0,0,0.9890500000000012,27.6741675016026,0.17280000000000206,160.15143230093906,Trained IQL (MARL),volatile,1022
-610.5,0,0.0,0,200,0,0.0,100.0,144.5,144.5,274.0,288.0,0,0.9890500000000012,27.43572515624647,0.17280000000000206,158.77155761716517,Trained IQL (MARL),volatile,1023
-577.5000000000005,0,0.0,0,189,0,0.0,100.0,144.5,144.5,274.0,288.0,0,0.9890500000000012,28.139151400382467,0.17280000000000206,162.842311344804,Trained IQL (MARL),volatile,1024
-682.4999999999998,0,0.0,0,224,0,0.0,100.0,144.5,144.5,274.0,288.0,0,0.9890500000000012,27.649015007889712,0.17280000000000206,160.00587388824874,Trained IQL (MARL),volatile,1025
-724.4999999999983,0,0.0,0,238,0,0.0,100.0,144.5,144.5,274.0,288.0,0,0.9890500000000012,27.49254780515426,0.17280000000000206,159.10039239093712,Trained IQL (MARL),volatile,1026
-649.5000000000013,0,0.0,0,213,0,0.0,100.0,144.5,144.5,274.0,288.0,0,0.9890500000000012,27.696790334187096,0.17280000000000206,160.28235147098823,Trained IQL (MARL),volatile,1027
-634.4999999999997,0,0.0,0,208,0,0.0,100.0,144.5,144.5,274.0,288.0,0,0.9890500000000012,27.795097133372163,0.17280000000000206,160.85125655886478,Trained IQL (MARL),volatile,1028
-568.5000000000007,0,0.0,0,186,0,0.0,100.0,144.5,144.5,274.0,288.0,0,0.9890500000000012,27.71168561339238,0.17280000000000206,160.3685510034262,Trained IQL (MARL),volatile,1029
-562.5000000000018,0,0.0,0,184,0,0.0,100.0,144.5,144.5,274.0,288.0,0,0.9890500000000012,27.39457591596873,0.17280000000000206,158.53342543963197,Trained IQL (MARL),volatile,1030
