policy,training_seed,event_recall_mean,event_recall_std,missed_event_rate_mean,missed_event_rate_std,total_energy_consumption_mean,total_energy_consumption_std,harvested_energy_mean,harvested_energy_std,final_battery_mean,final_battery_std,mean_aoi_mean,mean_aoi_std,p95_aoi_mean,p95_aoi_std,max_aoi_mean,max_aoi_std,redundant_sampling_mean,redundant_sampling_std,network_coverage_mean,network_coverage_std,network_utility_mean,network_utility_std,raw_episode_reward_mean,raw_episode_reward_std,sample_action_fraction_mean,sample_action_fraction_std
Always Sample,,0.3183505789529939,0.05128925398956122,0.6816494210470061,0.05128925398956118,19.33084000000019,0.23966571547140272,27.797536787343912,0.23205416788770475,0.021266346731382814,0.00449767572898832,8.890306712962964,0.43504367956555057,41.56000000000001,1.203471988700284,57.1,2.523680946007514,183.83333333333334,2.5472545509089612,0.8876929012345679,0.03681199130928724,0.28365976169028184,0.053839923395424226,-195.85977777777788,42.23141283999729,0.6383391203703703,0.007888569544924439
Always Sleep,,0.0,0.0,1.0,0.0,0.1958400000000021,0.0,27.797536787343912,0.23205416788770475,0.9875899999999997,0.0,144.5,0.0,274.0,0.0,288.0,0.0,0.0,0.0,0.673611111111111,0.07625816051775247,0.0,0.0,-373.9499999999981,78.16310863651775,0.0,0.0
Battery + Entropy,,0.6007657224324938,0.04679651229913885,0.39923427756750607,0.04679651229913881,10.68583999999998,1.0554783194167205,27.797536787343912,0.23205416788770475,0.22083049654105355,0.12086403172047398,5.946006944444445,0.871548718665852,21.745000000000005,5.125516794801586,41.266666666666666,10.047931107458384,46.36666666666667,7.9328358773815095,0.9546682098765431,0.027542025419188484,0.5745612298521426,0.05881961836951374,149.92361111111106,34.97506114034332,0.21206597222222223,0.025235104984798782
Entropy Threshold,,0.6112733995790076,0.04317569637904622,0.38872660042099233,0.04317569637904623,10.875839999999984,1.1210063213086392,27.797536787343912,0.23205416788770475,0.2075585964604388,0.13338154754182568,5.698379629629629,0.749466204392228,20.27833333333334,3.831734174183958,41.36666666666667,10.148834936814799,47.56666666666667,8.439167034126356,0.9595582561728394,0.025022712318259636,0.5873752835435673,0.05397723427208078,159.0325444444444,36.98673795049061,0.21637731481481481,0.026617919226093696
Fixed Interval,,0.08096313057866164,0.015062357586618294,0.9190368694213384,0.0150623575866183,4.995839999999857,0.0,27.797536787343912,0.23205416788770475,0.6696775759367444,0.00030333401895062264,5.4375,0.0,11.0,0.0,11.0,0.0,0.0,0.0,0.7538966049382716,0.05640264050432092,0.06102356541647783,0.012468939856571522,-253.2657777777774,57.926577475569395,0.08333333333333333,0.0
Greedy,,0.3183505789529939,0.05128925398956122,0.6816494210470061,0.05128925398956118,19.33084000000019,0.23966571547140272,27.797536787343912,0.23205416788770475,0.021266346731382814,0.00449767572898832,8.890306712962964,0.43504367956555057,41.56000000000001,1.203471988700284,57.1,2.523680946007514,183.83333333333334,2.5472545509089612,0.8876929012345679,0.03681199130928724,0.28365976169028184,0.053839923395424226,-195.85977777777788,42.23141283999729,0.6383391203703703,0.007888569544924439
IQL,101.0,0.45802047154775616,0.06013385137971063,0.5419795284522437,0.06013385137971061,14.37084000000008,0.9014117280401424,27.797536787343912,0.23205416788770475,0.029160984021451383,0.028913610994732823,8.473929398148147,0.9627380898526805,35.43833333333335,4.046085450316684,56.93333333333333,5.570447473719795,68.63333333333334,13.687354680906004,0.9237654320987654,0.03404323396883565,0.42464357492272564,0.06892001440886042,11.883611111111106,43.38744844606146,0.30486111111111114,0.02965476576375529
IQL,102.0,0.4093593947244296,0.059703593855673365,0.5906406052755704,0.05970359385567334,16.42917333333344,0.700656506592147,27.797536787343912,0.23205416788770475,0.020989731778215656,0.0071277784650658205,9.648987268518518,1.1124277429154183,41.18333333333335,3.5140931368864816,60.13333333333333,3.62684752760655,75.83333333333333,15.675773826432664,0.9081500771604938,0.03442114533396323,0.37323982927891336,0.0662004584461567,-38.20364444444444,43.19602409536089,0.35454282407407406,0.024690232265462703
IQL,103.0,0.4631906969701912,0.056673103826767636,0.5368093030298088,0.05667310382676763,15.010840000000087,0.8798657813004651,27.797536787343912,0.23205416788770475,0.0400605572885838,0.050080894793626596,7.659172453703704,0.9850801114512244,32.771666666666675,5.110683255038739,55.1,8.023027204069633,77.26666666666667,14.141973069513693,0.9307291666666667,0.031925213604049776,0.4325370308179892,0.06608037591318786,11.225100000000005,36.76200852747751,0.3238425925925926,0.032262890318120664
QMIX,101.0,0.4069229566680031,0.06164873310468809,0.5930770433319968,0.061648733104688096,15.504173333333444,0.7244597670147119,27.797536787343912,0.23205416788770475,0.019996100651322124,0.00668144506407907,11.041637731481481,0.6440325720078783,45.41166666666667,1.9165649648179983,64.26666666666667,2.4765567494675618,62.96666666666667,11.783926321062513,0.9037326388888889,0.037830045018734486,0.36948597019365254,0.06955868328682778,-33.047300000000014,46.03876844876005,0.31950231481481484,0.02299139232871572
QMIX,102.0,0.4879920701911152,0.056382207646198286,0.5120079298088849,0.05638220764619827,13.34417333333338,0.721407070189625,27.797536787343912,0.23205416788770475,0.026226070096758553,0.023729953139557437,8.145659722222222,0.8434462552223436,34.52000000000001,4.189510711288379,56.266666666666666,6.085218571051599,56.03333333333333,9.682844172265082,0.9254340277777777,0.02947230071892068,0.4527099214121824,0.0635221396271882,45.76743333333332,42.62627434637572,0.26924189814814814,0.020975136187411928
QMIX,103.0,0.5053927363981041,0.05679351056106109,0.4946072636018959,0.05679351056106108,12.899173333333374,0.9162266446507017,27.797536787343912,0.23205416788770475,0.05720177848977303,0.05630289998681272,8.038599537037037,0.9992065070423899,33.275000000000006,4.776175609028195,57.733333333333334,7.79006145490935,56.833333333333336,11.959942720810057,0.9316550925925926,0.030126574167391416,0.4721025978308082,0.06552558891204636,60.4266,40.21102828011317,0.26050347222222225,0.02606296024395748
Random Feasible,,0.28334538872591436,0.04638218353571225,0.7166546112740856,0.04638218353571228,17.002506666666786,0.43997126342943765,27.797536787343912,0.23205416788770475,0.020290210619204434,0.005756279677655486,7.248263888888889,0.707067682184124,35.43833333333335,2.9234687513688047,55.43333333333333,4.86141268905792,99.33333333333333,7.250842202370576,0.8805555555555554,0.037507242335508874,0.2506405594833232,0.048871668484914574,-149.20196666666664,42.05271930017228,0.35306712962962966,0.011500102860917925
VDN,101.0,0.44861535387204327,0.058562670715042606,0.5513846461279567,0.05856267071504262,15.342506666666752,0.7632658204345991,27.797536787343912,0.23205416788770475,0.024196887893838948,0.02050863703328752,7.715364583333334,1.0209494276352837,33.92000000000001,5.299082549089887,54.766666666666666,7.384435324212087,83.06666666666666,12.487050763955803,0.9238811728395061,0.03555711976896891,0.41615040074353327,0.06901728078935172,-5.982588888888894,39.6173839207682,0.33524305555555556,0.03136237908660815
VDN,102.0,0.441966993184586,0.05859061907602283,0.558033006815414,0.05859061907602285,15.49917333333342,0.5799722545880691,27.797536787343912,0.23205416788770475,0.019851273644351335,0.007692404998886911,8.043402777777779,0.7630553797389532,36.69000000000001,3.3826739066337286,56.5,4.92530412153962,78.73333333333333,10.995087722387147,0.9169560185185185,0.03396650599728979,0.40669651491298536,0.06673919154682191,-8.633700000000003,41.62292771129136,0.3292534722222222,0.02318968649937014
VDN,103.0,0.476609762148408,0.0583668923386403,0.523390237851592,0.058366892338640314,14.722506666666737,0.7640334589772954,27.797536787343912,0.23205416788770475,0.028918145736883925,0.020106441927845088,7.23119212962963,0.9880275750179044,31.926666666666673,4.723925408425481,54.3,8.263546871443987,74.73333333333333,12.392804734821024,0.9275655864197531,0.033688733264246006,0.4435815245245929,0.0684349586875822,23.268955555555564,36.78531992028618,0.30865162037037036,0.027797118331828165
